pair_index,training_type,cluster_label,best_loss,log10_best_loss,success
1,heisenberg_only,-1,25.089711207255526,1.3994956624378803,False
2,heisenberg_only,0,28.44510847090474,1.454007594219999,False
3,heisenberg_only,-1,33.33135955558548,1.5228530284954098,False
4,heisenberg_only,-1,12.982217526925144,1.1133488817903128,False
5,heisenberg_only,0,34.25416270785702,1.5347133563014212,False
6,heisenberg_only,0,17.3886277213084,1.240265309628973,False
7,heisenberg_only,0,12.959744909707275,1.1125964532786479,False
8,heisenberg_only,-1,36.26282015553788,1.559461576107023,False
9,heisenberg_only,0,34.15999038174481,1.5335177397348907,False
10,heisenberg_only,-1,15.586743691159416,1.1927553939140356,False
11,heisenberg_only,0,26.862927813775713,1.4291533450442213,False
12,heisenberg_only,0,28.88580054996011,1.4606844082150579,False
13,heisenberg_only,0,28.268180922533745,1.4512978622311459,False
14,heisenberg_only,0,38.181981606674356,1.5818584640919966,False
15,heisenberg_only,-1,28.594164989653848,1.456277418746634,False
16,heisenberg_only,0,37.72248634736024,1.5766003100290233,False
17,heisenberg_only,0,20.082315094208397,1.3028137769333554,False
18,heisenberg_only,0,32.31340089992443,1.5093826687679754,False
19,heisenberg_only,0,28.816596088927476,1.4596426792155464,False
20,heisenberg_only,0,28.035131152766,1.4477025921373607,False
21,heisenberg_only,-1,8.588245912197756,0.9339044713465928,False
22,heisenberg_only,-1,32.07092388759478,1.5061114711072643,False
23,heisenberg_only,1,36.02636336387767,1.5566204250226032,False
24,heisenberg_only,0,34.22669615501566,1.5343649794506158,False
25,heisenberg_only,-1,38.526177919060856,1.5857559259349805,False
26,heisenberg_only,-1,33.05153097605028,1.5191915811908292,False
27,heisenberg_only,-1,28.072444352129118,1.4482802296071209,False
28,heisenberg_only,-1,38.37695159828624,1.5840704743957412,False
29,heisenberg_only,0,40.586511336509794,1.6083817226053465,False
30,heisenberg_only,0,0.30343055757093607,-0.5179406848671025,False
31,heisenberg_only,-1,32.21362830693005,1.508039643321224,False
32,heisenberg_only,1,8.56579503083205,0.9327676780405146,False
33,heisenberg_only,-1,38.12483649285642,1.5812079897869082,False
34,heisenberg_only,0,26.29333220099229,1.419845628510292,False
35,heisenberg_only,-1,23.486904412146515,1.3708257802805746,False
36,heisenberg_only,0,0.01298865630695953,-1.8864357749205627,False
37,heisenberg_only,-1,33.43464538937476,1.524196721397009,False
38,heisenberg_only,0,15.859597843896802,1.200292170598808,False
39,heisenberg_only,0,34.14521892229503,1.5333299015452688,False
40,heisenberg_only,0,34.67097721458396,1.5399660825828596,False
41,heisenberg_only,-1,14.151809548324536,1.1508119753095045,False
42,heisenberg_only,0,31.411994131126107,1.49709550763869,False
43,heisenberg_only,0,21.689610933467314,1.3362517617438516,False
44,heisenberg_only,0,37.51005775580941,1.5741477328526694,False
45,heisenberg_only,-1,20.375822918241237,1.3091151576149196,False
46,heisenberg_only,-1,17.64382772679206,1.2465928087034654,False
47,heisenberg_only,-1,34.54055134150904,1.5383292655610283,False
48,heisenberg_only,-1,27.343278610691275,1.4368505876700775,False
49,heisenberg_only,-1,8.191001203924397,0.9133369897658162,False
50,heisenberg_only,0,19.79540024519912,1.2965642872210392,False
51,heisenberg_only,-1,37.027277555344334,1.5685217815564294,False
52,heisenberg_only,0,0.0024603321503089016,-2.6090062582182574,True
53,heisenberg_only,0,32.890681851320466,1.5170728768635147,False
54,heisenberg_only,-1,17.71188282137767,1.2482647303301866,False
55,heisenberg_only,0,25.502678936955725,1.4065858034311216,False
56,heisenberg_only,-1,20.546394551846372,1.3127356236031242,False
57,heisenberg_only,-1,37.12216740574952,1.56963332489805,False
58,heisenberg_only,-1,38.90968669874867,1.5900577338735853,False
59,heisenberg_only,-1,24.198052086362466,1.383780407212134,False
60,heisenberg_only,-1,36.26745067425888,1.5595170290567668,False
61,heisenberg_only,0,25.247950639239974,1.4022261324669587,False
62,heisenberg_only,-1,17.551251206100545,1.2443080821998984,False
63,heisenberg_only,0,24.1518716517973,1.3829507920875692,False
64,heisenberg_only,0,14.907107894965131,1.1733933948219004,False
65,heisenberg_only,0,31.020885194955923,1.4916541864434048,False
66,heisenberg_only,0,40.673285901391516,1.6093092594760618,False
67,heisenberg_only,0,37.23219522577972,1.570918643157324,False
68,heisenberg_only,-1,30.763925315102586,1.4880417483571586,False
69,heisenberg_only,-1,37.669571657618484,1.5759906818493967,False
70,heisenberg_only,-1,37.921917135839024,1.5788902849020408,False
71,heisenberg_only,-1,13.564007330183115,1.1323880158050474,False
72,heisenberg_only,0,29.62276870079593,1.4716256475438378,False
73,heisenberg_only,0,20.450530188245892,1.310704571748973,False
74,heisenberg_only,0,19.987122571960093,1.3007502758055638,False
75,heisenberg_only,0,24.429072920719335,1.387906985882337,False
76,heisenberg_only,0,28.466641878562193,1.4543362377957474,False
77,heisenberg_only,-1,31.515956913160608,1.4985304980647158,False
78,heisenberg_only,-1,29.15091720726958,1.4646522239934616,False
79,heisenberg_only,-1,28.453084829679298,1.4541293586706157,False
80,heisenberg_only,0,35.241088830475306,1.5470493181782052,False
81,heisenberg_only,-1,36.94897047184984,1.5676023419291216,False
82,heisenberg_only,0,27.148985245175403,1.43375360148815,False
83,heisenberg_only,0,17.732195186102487,1.248762503124743,False
84,heisenberg_only,0,8.444988057776275,0.9265990397630923,False
85,heisenberg_only,-1,8.595087250018445,0.934250289633802,False
86,heisenberg_only,0,17.39207655244157,1.2403514383239684,False
87,heisenberg_only,0,33.75232408791976,1.5283036824650627,False
88,heisenberg_only,0,18.418779605526705,1.2652608512601855,False
89,heisenberg_only,-1,30.798920614419398,1.4885354963895439,False
90,heisenberg_only,0,20.01760467698562,1.3014121082179675,False
91,heisenberg_only,0,32.04858845285084,1.5058089062218345,False
92,heisenberg_only,0,17.402668216710595,1.2406158404064558,False
93,heisenberg_only,0,19.87120967579147,1.298224305938707,False
94,heisenberg_only,1,24.020677243420856,1.3805852478185219,False
95,heisenberg_only,0,40.0505709209386,1.6026087113327654,False
96,heisenberg_only,-1,15.573215215599419,1.1923782854158498,False
97,heisenberg_only,0,0.0035179954353368225,-2.453704728383195,True
98,heisenberg_only,0,36.90480876324545,1.567082959201715,False
99,heisenberg_only,-1,14.805185741740015,1.1704138602972014,False
100,heisenberg_only,0,31.16166641190781,1.4936206741014582,False
101,heisenberg_only,-1,29.338543397415506,1.4674385481518424,False
102,heisenberg_only,0,17.2880524007247,1.2377460702397787,False
103,heisenberg_only,0,17.70106934298546,1.2479995034086873,False
104,heisenberg_only,0,27.78336033637089,1.4437847715414645,False
105,heisenberg_only,0,26.590646675475153,1.4247288993539573,False
106,heisenberg_only,0,0.0020935514288950917,-2.6791163660309265,True
107,heisenberg_only,0,39.07095949632256,1.5918540766673641,False
108,heisenberg_only,-1,32.816650241027034,1.5160942483781483,False
109,heisenberg_only,-1,40.13623016425342,1.6035365785214535,False
110,heisenberg_only,0,39.39175641753629,1.595405345760591,False
111,heisenberg_only,-1,30.452156313692402,1.4836180504001333,False
112,heisenberg_only,-1,22.292884223981677,1.348166260563068,False
113,heisenberg_only,-1,38.45487320723069,1.5849513837447993,False
114,heisenberg_only,0,1.4656912747512596,0.166042502507253,False
115,heisenberg_only,0,24.612267243539044,1.3911516220735654,False
116,heisenberg_only,-1,33.19697940798077,1.5210985690616945,False
117,heisenberg_only,-1,17.134365997765915,1.2338680393894155,False
118,heisenberg_only,0,22.145885459884962,1.3452930493827615,False
119,heisenberg_only,0,26.32948772871056,1.4204424094760455,False
120,heisenberg_only,-1,22.671162724122034,1.3554737941327382,False
121,heisenberg_only,0,36.8717449711949,1.566693691265688,False
122,heisenberg_only,0,23.708260740240256,1.3748996949051306,False
123,heisenberg_only,0,38.26697684545151,1.5828241535963525,False
124,heisenberg_only,0,35.62936037212274,1.5518080258494438,False
125,heisenberg_only,0,28.734117455788713,1.4583978626854095,False
126,heisenberg_only,-1,39.34953724749923,1.5949396294005653,False
127,heisenberg_only,-1,14.924018022202148,1.1738857648219019,False
128,heisenberg_only,-1,25.53726116219716,1.4071743179106992,False
129,heisenberg_only,0,39.783803692825174,1.5997063032688819,False
130,heisenberg_only,0,28.733768787005047,1.4583925927881274,False
131,heisenberg_only,-1,31.806765010804252,1.5025195003113643,False
132,heisenberg_only,0,23.223768682654416,1.365932697111119,False
133,heisenberg_only,0,24.808776884916035,1.3946053533400922,False
134,heisenberg_only,-1,32.240914451497275,1.5084073512350105,False
135,heisenberg_only,0,38.621108251262356,1.5868247319110627,False
136,heisenberg_only,-1,0.019710315106493747,-1.7053064326501588,False
137,heisenberg_only,-1,20.727760299299387,1.316552377723161,False
138,heisenberg_only,0,38.42028720582666,1.584560607049347,False
139,heisenberg_only,-1,21.732388591619262,1.3371074619464036,False
140,heisenberg_only,0,30.20360678611661,1.4800588076517625,False
141,heisenberg_only,0,0.0037614851966364803,-2.4246406430118124,True
142,heisenberg_only,-1,0.01554932020097623,-1.8082885930949162,False
143,heisenberg_only,-1,38.09445038874349,1.5808617121298525,False
144,heisenberg_only,0,22.01148714212273,1.3426493853883987,False
145,heisenberg_only,-1,25.010225961847024,1.3981176155025925,False
146,heisenberg_only,0,20.380668710635724,1.3092184295513982,False
147,heisenberg_only,-1,27.349372576403674,1.4369473676079783,False
148,heisenberg_only,0,37.67702341548744,1.576076585063215,False
149,heisenberg_only,-1,28.478894975395992,1.4545231340027993,False
150,heisenberg_only,0,24.505876301463367,1.3892702369888452,False
151,heisenberg_only,0,23.295613928604073,1.3672741602571608,False
152,heisenberg_only,0,27.490385988015518,1.4391808377441002,False
153,heisenberg_only,0,26.127664791279205,1.417100595583362,False
154,heisenberg_only,-1,21.694848555373355,1.3363566228083867,False
155,heisenberg_only,0,17.327960741977584,1.2387474553499305,False
156,heisenberg_only,0,33.383676700754314,1.5235341658637807,False
157,heisenberg_only,1,33.538069014537314,1.5255380540818537,False
158,heisenberg_only,0,39.14941820894975,1.5927253124854013,False
159,heisenberg_only,0,26.82279549394488,1.4285040384047185,False
160,heisenberg_only,-1,34.92781486532328,1.5431714163958246,False
161,heisenberg_only,-1,32.33219219777952,1.5096351517851483,False
162,heisenberg_only,0,29.26112204707188,1.4662909755660745,False
163,heisenberg_only,-1,8.792797502820255,0.9441270715181093,False
164,heisenberg_only,-1,25.03960904148041,1.398627543689621,False
165,heisenberg_only,-1,37.24894117111578,1.5711139321157928,False
166,heisenberg_only,-1,29.475323074079313,1.4694585740222899,False
167,heisenberg_only,0,31.619635846257218,1.4999568639873435,False
168,heisenberg_only,0,28.99094356190068,1.4622623504725607,False
169,heisenberg_only,-1,15.39358860142123,1.187339875719623,False
170,heisenberg_only,0,33.48371841479089,1.5248336810223584,False
171,heisenberg_only,0,20.930104626182214,1.3207713993114543,False
172,heisenberg_only,-1,0.01637996837314583,-1.78568694112148,False
173,heisenberg_only,-1,28.260487603111336,1.4511796508428205,False
174,heisenberg_only,-1,10.002057316086264,1.0000893389127754,False
175,heisenberg_only,-1,33.44100692947829,1.5242793458403123,False
176,heisenberg_only,0,27.660694278594356,1.441863076625726,False
177,heisenberg_only,-1,35.20645523645237,1.546622300311688,False
178,heisenberg_only,0,29.98562509728028,1.4769131068162789,False
179,heisenberg_only,0,17.742011766997674,1.2490028629460854,False
180,heisenberg_only,-1,37.465490181072326,1.5736314190785803,False
181,heisenberg_only,-1,36.31905186120858,1.5601345023815376,False
182,heisenberg_only,-1,0.05011569350278011,-1.3000262554818498,False
183,heisenberg_only,0,27.353343406296354,1.4370104178417011,False
184,heisenberg_only,-1,13.464135134325405,1.1291784618356613,False
185,heisenberg_only,-1,31.52343865645026,1.4986335853424921,False
186,heisenberg_only,0,30.06703547368416,1.478090609979826,False
187,heisenberg_only,0,30.11046113041269,1.4787174066207023,False
188,heisenberg_only,-1,23.606513425480593,1.3730318484980728,False
189,heisenberg_only,0,8.93511390528042,0.9511000932848004,False
190,heisenberg_only,-1,17.938501139516397,1.2537861525301741,False
191,heisenberg_only,0,24.302311021952136,1.3856475746830146,False
192,heisenberg_only,0,0.003907562636847796,-2.4080940516659517,True
193,heisenberg_only,0,40.15466420533747,1.6037359984563169,False
194,heisenberg_only,-1,38.948831424964666,1.590494432142017,False
195,heisenberg_only,0,35.139552144972306,1.5457962220936337,False
196,heisenberg_only,0,28.004301225520322,1.4472247404510445,False
197,heisenberg_only,-1,31.224338452232193,1.4944932457783229,False
198,heisenberg_only,-1,33.54996029232855,1.5256920105010525,False
199,heisenberg_only,0,32.087688197891346,1.5063384288728314,False
200,heisenberg_only,0,37.95785467511718,1.5793016587318813,False
201,heisenberg_only,0,0.004565906301001248,-2.3404730051050158,True
202,heisenberg_only,-1,29.728545801524294,1.4731736658204855,False
203,heisenberg_only,0,28.476172569385554,1.454481616155145,False
204,heisenberg_only,-1,21.28065528156849,1.327984996780328,False
205,heisenberg_only,-1,29.045250312279265,1.4630751235828865,False
206,heisenberg_only,0,23.314088997928486,1.3676184499898472,False
207,heisenberg_only,-1,21.19840185038411,1.3263031206588602,False
208,heisenberg_only,-1,17.753158331322766,1.2492756263403324,False
209,heisenberg_only,0,21.811591696132865,1.3386873592799522,False
210,heisenberg_only,0,26.285421469239477,1.4197149450332538,False
211,heisenberg_only,-1,0.022498296316736558,-1.6478503675888148,False
212,heisenberg_only,0,20.5768951272424,1.313379844146843,False
213,heisenberg_only,-1,31.237046206332195,1.4946699600022975,False
214,heisenberg_only,-1,1.808353766281798,0.2572833950082593,False
215,heisenberg_only,0,34.45893079799228,1.5373017979020303,False
216,heisenberg_only,0,35.38147580293838,1.5487759438847641,False
217,heisenberg_only,0,37.85347100749022,1.5781057086784838,False
218,heisenberg_only,0,33.00899220612099,1.518632265136072,False
219,heisenberg_only,0,24.917260806138653,1.3965002979323697,False
220,heisenberg_only,0,36.07628300139737,1.5572217851021644,False
221,heisenberg_only,-1,31.785405450139777,1.502227755600842,False
222,heisenberg_only,-1,0.02028942531168125,-1.6927302539770182,False
223,heisenberg_only,-1,19.320321202188058,1.2860143423267971,False
224,heisenberg_only,-1,32.4946682520767,1.5118121074816429,False
225,heisenberg_only,0,37.148576952086344,1.5699421819271864,False
226,heisenberg_only,0,24.772330107794534,1.3939668586392608,False
227,heisenberg_only,0,15.311865125845266,1.1850280949782797,False
228,heisenberg_only,0,38.87272282052221,1.5896449616375186,False
229,heisenberg_only,0,29.220971064654833,1.4656946442133945,False
230,heisenberg_only,0,36.097249532196734,1.557474111642582,False
231,heisenberg_only,-1,33.4479792723878,1.524369885411457,False
232,heisenberg_only,-1,33.49946927567218,1.5250379266645235,False
233,heisenberg_only,0,39.26791521299096,1.5940378445979377,False
234,heisenberg_only,0,34.31746183039539,1.5355151593102123,False
235,heisenberg_only,0,8.630278674218244,0.936024819437251,False
236,heisenberg_only,-1,32.560575083888544,1.512692066780856,False
237,heisenberg_only,0,23.06673142013264,1.3629860589003966,False
238,heisenberg_only,-1,0.04091745226629996,-1.388091415554544,False
239,heisenberg_only,-1,17.536620294414583,1.2439458986699798,False
240,heisenberg_only,1,15.605410171574718,1.1932751881189718,False
241,heisenberg_only,0,39.44473751507239,1.595989070394229,False
242,heisenberg_only,-1,21.195742161951713,1.3262486278491483,False
243,heisenberg_only,-1,34.517435143699416,1.5380385175089284,False
244,heisenberg_only,-1,0.0025154454449629643,-2.5993850972245256,True
245,heisenberg_only,-1,37.94389382678791,1.579141896418624,False
246,heisenberg_only,-1,29.042019397465047,1.463026811156299,False
247,heisenberg_only,-1,17.175868286699938,1.2349187010498308,False
248,heisenberg_only,-1,23.916590850560404,1.3786992739657218,False
249,heisenberg_only,0,17.893900545679486,1.2527050192047429,False
250,heisenberg_only,0,26.077151001195617,1.4162601418126952,False
251,heisenberg_only,0,0.024904135175374723,-1.6037285350431765,False
252,heisenberg_only,0,0.007697191517232315,-2.1136677074326706,True
253,heisenberg_only,0,24.85903045595466,1.3954841864198688,False
254,heisenberg_only,-1,23.72854100547302,1.3752710356150688,False
255,heisenberg_only,0,10.31133653730301,1.0133149614188632,False
256,heisenberg_only,0,39.25785830107457,1.593926603124503,False
257,heisenberg_only,-1,20.21850350760655,1.3057490077119425,False
258,heisenberg_only,-1,0.04957111784053167,-1.3047712875402646,False
259,heisenberg_only,0,17.54256302037409,1.2440930453748051,False
260,heisenberg_only,0,23.707470249306745,1.3748852142320171,False
261,heisenberg_only,0,8.456494545997762,0.9271903731070209,False
262,heisenberg_only,-1,37.1348607748864,1.5697818000083976,False
263,heisenberg_only,0,29.373929166140925,1.4679620432555265,False
264,heisenberg_only,0,33.310188578618025,1.52257709136489,False
265,heisenberg_only,0,20.55275210732853,1.3128699841196194,False
266,heisenberg_only,0,37.49534981438117,1.573977409722878,False
267,heisenberg_only,0,25.418714346621734,1.4051535805890345,False
268,heisenberg_only,-1,38.615468547621376,1.5867613087953134,False
269,heisenberg_only,0,24.624238168072985,1.3913628030470058,False
270,heisenberg_only,-1,32.18650703073211,1.5076738483976724,False
271,heisenberg_only,-1,30.116706442985723,1.4788074757674754,False
272,heisenberg_only,-1,19.866693530999243,1.298125592286858,False
273,heisenberg_only,0,16.837213456438676,1.2262702177676312,False
274,heisenberg_only,-1,7.935574184655813,0.8995783559435309,False
275,heisenberg_only,-1,38.63612545296449,1.5869935675683158,False
276,heisenberg_only,-1,29.91647298156311,1.475910390832288,False
277,heisenberg_only,-1,0.009181899369636419,-2.03706747125755,True
278,heisenberg_only,0,25.350098371032075,1.4039796489519394,False
279,heisenberg_only,0,24.369872517670075,1.386853257333381,False
280,heisenberg_only,0,0.05815171684562187,-1.2354374588276544,False
281,heisenberg_only,-1,22.90343465391559,1.3599006150644033,False
282,heisenberg_only,-1,17.31728415652153,1.2384797832749026,False
283,heisenberg_only,-1,34.68083159084803,1.5400895026157788,False
284,heisenberg_only,-1,39.87563504463239,1.600707612533789,False
285,heisenberg_only,0,36.62667896170771,1.5637975418151993,False
286,heisenberg_only,-1,25.774790724383035,1.4111951477629405,False
287,heisenberg_only,-1,23.993323018727114,1.380090400896305,False
288,heisenberg_only,0,18.614662503121714,1.2698551665624354,False
289,heisenberg_only,0,32.296972580072065,1.5091618147958252,False
290,heisenberg_only,0,37.75462888674433,1.5769702056798953,False
291,heisenberg_only,-1,0.992781352745638,-0.00314638871694855,False
292,heisenberg_only,0,8.645120291281447,0.9367710405800161,False
293,heisenberg_only,-1,0.3857317018627343,-0.413714666609022,False
294,heisenberg_only,-1,37.78877642371532,1.577362829968573,False
295,heisenberg_only,-1,0.10488215535984782,-0.9792983963440001,False
296,heisenberg_only,0,27.14869332860079,1.4337489317578462,False
297,heisenberg_only,1,0.004042634902850965,-2.39333547875954,True
298,heisenberg_only,0,11.68774519038988,1.0677307347867895,False
299,heisenberg_only,-1,38.7830309908548,1.5886417472688306,False
300,heisenberg_only,-1,0.012485120495511667,-1.9036072618602278,False
301,heisenberg_only,0,31.262474188693744,1.4950233461711857,False
302,heisenberg_only,-1,28.243193173293,1.4509137964570846,False
303,heisenberg_only,1,26.474842574618656,1.4228333863743217,False
304,heisenberg_only,-1,40.51548635041529,1.6076210565723652,False
305,heisenberg_only,-1,6.23773682146611,0.7950270473374184,False
306,heisenberg_only,-1,31.080455550069868,1.492487375683306,False
307,heisenberg_only,0,40.277097203026074,1.6050581631195302,False
308,heisenberg_only,0,24.72486143091519,1.393133866297224,False
309,heisenberg_only,0,20.077276536423422,1.3027048008324842,False
310,heisenberg_only,-1,20.276391122379707,1.3069906599755583,False
311,heisenberg_only,-1,38.77277043645382,1.5885268338232443,False
312,heisenberg_only,-1,28.733994197613224,1.4583959997271905,False
313,heisenberg_only,-1,0.030599714688840787,-1.5142826228530517,False
314,heisenberg_only,0,34.77166772127045,1.5412255208464967,False
315,heisenberg_only,0,38.97757643978484,1.5908148319198818,False
316,heisenberg_only,0,31.496337603409195,1.498260056929236,False
317,heisenberg_only,-1,20.25143029765715,1.3064557015479104,False
318,heisenberg_only,-1,37.830157511927126,1.5778381495512261,False
319,heisenberg_only,-1,38.79406636491558,1.588765304407626,False
320,heisenberg_only,-1,36.49628219900552,1.5622486260265307,False
321,heisenberg_only,0,17.577391181981564,1.2449544179877803,False
322,heisenberg_only,-1,27.329142664217848,1.4366260077614679,False
323,heisenberg_only,1,21.5025124281839,1.332489207355049,False
324,heisenberg_only,-1,38.93044550225437,1.590289373614481,False
325,heisenberg_only,0,17.168667961039894,1.2347366015318566,False
326,heisenberg_only,0,16.19628926617195,1.209415524677039,False
327,heisenberg_only,0,29.75606325184428,1.473575473208066,False
328,heisenberg_only,-1,26.182766208866624,1.4180155278443423,False
329,heisenberg_only,-1,13.166850784089027,1.1194819138653918,False
330,heisenberg_only,-1,20.065028163656244,1.3024397736543036,False
331,heisenberg_only,0,29.29337467433682,1.4667694064381305,False
332,heisenberg_only,-1,0.03453451458914186,-1.4617466439792097,False
333,heisenberg_only,-1,25.58760473158461,1.4080296332672868,False
334,heisenberg_only,0,25.38086527491959,1.4045064238153167,False
335,heisenberg_only,0,21.345971346062754,1.3293159221119404,False
336,heisenberg_only,0,23.386249076591113,1.368960570848498,False
337,heisenberg_only,-1,34.397737011617764,1.5365298717664408,False
338,heisenberg_only,0,24.22676656397578,1.3842954547017219,False
339,heisenberg_only,0,29.335861462994913,1.4673988460253948,False
340,heisenberg_only,0,36.16970808937579,1.558345003766185,False
341,heisenberg_only,0,32.63382755465407,1.5136680142836942,False
342,heisenberg_only,-1,0.013331844752355416,-1.8751097522863303,False
343,heisenberg_only,-1,0.0017766646695577698,-2.7503945338734996,True
344,heisenberg_only,-1,13.29181498167387,1.1235842873917075,False
345,heisenberg_only,0,17.3690997245497,1.2397773086720356,False
346,heisenberg_only,0,31.989824478895997,1.5050118572127082,False
347,heisenberg_only,0,34.03253644292721,1.5318943182440965,False
348,heisenberg_only,-1,33.08268645124198,1.5196007688242252,False
349,heisenberg_only,0,13.623842988177422,1.1342996298340902,False
350,heisenberg_only,0,30.442278164783918,1.4834771499833137,False
351,heisenberg_only,0,17.576390773528633,1.2449296996305108,False
352,heisenberg_only,0,27.902913404833733,1.4456495512874121,False
353,heisenberg_only,-1,36.09484347036619,1.5574451627831418,False
354,heisenberg_only,-1,16.726633498885587,1.223408541083247,False
355,heisenberg_only,0,0.0014349089175630326,-2.843175665379603,True
356,heisenberg_only,-1,28.384602246449568,1.4530828128336732,False
357,heisenberg_only,-1,34.09901724207375,1.5327418624970492,False
358,heisenberg_only,-1,21.68671093804887,1.3361936907984457,False
359,heisenberg_only,-1,32.87667184119766,1.5168878467585107,False
360,heisenberg_only,-1,25.78697253594886,1.411400357721116,False
361,heisenberg_only,0,32.503794239396356,1.5119340600881805,False
362,heisenberg_only,0,24.829765298906537,1.394972614444958,False
363,heisenberg_only,-1,21.098692553979504,1.3242555437249446,False
364,heisenberg_only,-1,15.52698962903303,1.1910872629256406,False
365,heisenberg_only,0,25.930568835673704,1.4138120439380562,False
366,heisenberg_only,0,28.38578068379658,1.4531008429687802,False
367,heisenberg_only,0,0.0033565511487627137,-2.4741067304376037,True
368,heisenberg_only,-1,31.70184694513943,1.5010845648901912,False
369,heisenberg_only,-1,8.997517584728932,0.9541227041099756,False
370,heisenberg_only,0,24.770508309510696,1.3939349187275625,False
371,heisenberg_only,-1,40.77651541414131,1.6104101100868018,False
372,heisenberg_only,-1,18.027296304360384,1.2559305970416117,False
373,heisenberg_only,0,0.037765640514611176,-1.4229031451624374,False
374,heisenberg_only,-1,38.83874208881883,1.5892651555116761,False
375,heisenberg_only,-1,15.135113572651921,1.1799856842150207,False
376,heisenberg_only,-1,29.38770252246346,1.4681656350410444,False
377,heisenberg_only,0,17.377744847011456,1.2399934162987445,False
378,heisenberg_only,0,30.850923475239313,1.4892681685053377,False
379,heisenberg_only,0,22.167845904476533,1.3457234938699834,False
380,heisenberg_only,-1,36.18778658996632,1.558562020489766,False
381,heisenberg_only,-1,31.033054765897045,1.4918245278456737,False
382,heisenberg_only,0,27.080765616119912,1.4326609383792772,False
383,heisenberg_only,0,34.418088013868335,1.5367867408291314,False
384,heisenberg_only,-1,27.20816567738217,1.434699263461338,False
385,heisenberg_only,0,29.856185070847005,1.4750343141550482,False
386,heisenberg_only,0,1.7812330829823362,0.25072075271970967,False
387,heisenberg_only,0,32.22101580789184,1.5081392279766805,False
388,heisenberg_only,-1,34.260928158700736,1.5347991242086487,False
389,heisenberg_only,0,33.91655448733775,1.530411726746811,False
390,heisenberg_only,0,34.29056317179727,1.5351746178182237,False
391,heisenberg_only,0,34.25743502662797,1.534754842707616,False
392,heisenberg_only,-1,28.58061786995907,1.4560716133497453,False
393,heisenberg_only,0,37.42292712794229,1.5731377539228215,False
394,heisenberg_only,-1,23.494399297897964,1.3709643455095026,False
395,heisenberg_only,-1,8.490170996662991,0.9289164372591834,False
396,heisenberg_only,0,22.379604512308198,1.3498524074988623,False
397,heisenberg_only,0,26.452750297037056,1.422470832391304,False
398,heisenberg_only,0,25.974199628850638,1.4145421740490793,False
399,heisenberg_only,0,30.438190939302082,1.4834188370464443,False
400,heisenberg_only,0,0.8374594200251646,-0.07703622797604412,False
1,warmstart,-1,17.442262795758392,1.2416028255486335,False
2,warmstart,-1,0.005167250449125452,-2.2867404883213385,True
3,warmstart,-1,0.0005989471335882921,-3.2226115091701604,True
4,warmstart,-1,0.0002954169470654501,-3.529564594312167,True
5,warmstart,1,0.0029948644295837764,-2.523622832311824,True
6,warmstart,2,0.0010746108959153403,-2.968748760257258,True
7,warmstart,2,0.0044766762365043514,-2.3490443136540913,True
8,warmstart,-1,0.04120154214451381,-1.385086528328068,False
9,warmstart,5,0.011961705539032171,-1.9222068928073337,False
10,warmstart,-1,0.010232146174991059,-1.9900332642156269,False
11,warmstart,-1,0.00018358199211314992,-3.7361699217701343,True
12,warmstart,4,0.03358894357859846,-1.473803655140179,False
13,warmstart,-1,0.028072891590306927,-1.5517128514540408,False
14,warmstart,-1,17.389924694326773,1.2402977013293857,False
15,warmstart,-1,0.026279698299140557,-1.580379624948275,False
16,warmstart,4,21.34278268009848,1.3292510422592914,False
17,warmstart,1,0.013286231380688705,-1.8765981885585277,False
18,warmstart,5,0.025395056612806097,-1.5952508146683473,False
19,warmstart,-1,0.0035790977800759403,-2.446226436628899,True
20,warmstart,3,0.0025791326924527016,-2.5885263134969803,True
21,warmstart,-1,0.003107712053385218,-2.507559227779475,True
22,warmstart,-1,0.0006690421964487832,-3.174546490443013,True
23,warmstart,3,17.40461090431075,1.240664318686114,False
24,warmstart,4,0.027394941277035935,-1.5623296261687345,False
25,warmstart,1,0.011666207410239311,-1.9330703066372146,False
26,warmstart,-1,0.00189830944228593,-2.7216329920545057,True
27,warmstart,-1,0.016805185140545353,-1.7745566986021615,False
28,warmstart,-1,0.0007847451068864631,-3.105271383571639,True
29,warmstart,2,0.0019552131131744905,-2.7088058987123844,True
30,warmstart,-1,0.022804549083610404,-1.6419785106817966,False
31,warmstart,-1,0.014699589133476514,-1.832694803997243,False
32,warmstart,-1,0.002768737253021586,-2.5577182558748883,True
33,warmstart,-1,21.343569322544212,1.329267048990128,False
34,warmstart,-1,0.029167926204730014,-1.5350944474589525,False
35,warmstart,4,0.028095332409047755,-1.5513658251970879,False
36,warmstart,-1,0.008057053065677966,-2.0938237759792324,True
37,warmstart,-1,0.0041220780487398155,-2.3848837894087906,True
38,warmstart,-1,0.8588728241235037,-0.06607113869536949,False
39,warmstart,-1,0.0034603251389367226,-2.46088309212865,True
40,warmstart,-1,0.008920745564956884,-2.0495988472813345,True
41,warmstart,-1,0.0025374173615611167,-2.5956080929220473,True
42,warmstart,-1,0.0010038437381776424,-2.9983338857257147,True
43,warmstart,-1,0.0006581261055582511,-3.1816908819168663,True
44,warmstart,5,0.000181219738519589,-3.7417945005705144,True
45,warmstart,-1,0.014543428661105905,-1.837333195054645,False
46,warmstart,-1,0.004799348175068374,-2.318817742456427,True
47,warmstart,-1,0.00043628247889836386,-3.360232227926658,True
48,warmstart,-1,0.017118328409141924,-1.7665386460916543,False
49,warmstart,-1,0.018311609856753522,-1.737273473220368,False
50,warmstart,-1,17.574501726447156,1.2448830207176307,False
51,warmstart,-1,0.00893412402033354,-2.048948023100731,True
52,warmstart,-1,0.004046584905980418,-2.3929113427514923,True
53,warmstart,3,0.0012071140516250645,-2.918251694565964,True
54,warmstart,-1,0.014330188862898182,-1.8437480858361506,False
55,warmstart,4,0.0018811773325470903,-2.7255702629734957,True
56,warmstart,-1,0.016967121786158935,-1.7703918228799673,False
57,warmstart,-1,0.01818553123023523,-1.740274007944984,False
58,warmstart,-1,22.107680231326725,1.3445431742571852,False
59,warmstart,-1,0.0021003159336702155,-2.6777153729186822,True
60,warmstart,-1,0.0018705442227154464,-2.7280320199147123,True
61,warmstart,-1,0.0010002911298401947,-2.999873582317973,True
62,warmstart,-1,0.022772541872389817,-1.6425884907049961,False
63,warmstart,-1,0.010226627859380616,-1.9902675474696585,False
64,warmstart,-1,22.082819810618236,1.344054528749202,False
65,warmstart,2,0.015903482275767603,-1.7985077708012043,False
66,warmstart,-1,0.0018721218822339675,-2.727665880459797,True
67,warmstart,-1,0.01823044577308311,-1.7392027117935573,False
68,warmstart,-1,0.009363279633915944,-2.0285720062365815,True
69,warmstart,-1,0.0015684962647844426,-2.804516511193483,True
70,warmstart,1,0.03574116391301134,-1.4468313087758797,False
71,warmstart,-1,0.0031239838665040984,-2.505291217658481,True
72,warmstart,-1,0.022779309248561447,-1.6424594494442086,False
73,warmstart,0,17.64170135357677,1.2465404658774373,False
74,warmstart,2,0.02029065619324876,-1.6927039077966761,False
75,warmstart,5,0.007766557513301153,-2.109771437346533,True
76,warmstart,-1,0.010520536392978607,-1.9779621169720079,False
77,warmstart,-1,0.0009733244524628889,-3.0117423658712004,True
78,warmstart,3,0.002397904529823389,-2.620168111894495,True
79,warmstart,-1,0.00858323006841474,-2.0663492463118622,True
80,warmstart,3,0.016684124031263972,-1.7776965902303477,False
81,warmstart,2,0.011527633288365,-1.9382598475456172,False
82,warmstart,4,18.361334996596533,1.2639042542387338,False
83,warmstart,-1,0.011172153985966366,-1.9518630870424065,False
84,warmstart,-1,0.010982158562798622,-1.959312290143001,False
85,warmstart,-1,0.008809753959704979,-2.0550362204681516,True
86,warmstart,-1,0.011497558172446356,-1.9393943844146302,False
87,warmstart,-1,0.002668274584334345,-2.573769480480693,True
88,warmstart,5,0.0018998800724472859,-2.7212738124778038,True
89,warmstart,5,0.011160073964138964,-1.9523329270730847,False
90,warmstart,-1,21.278180455126964,1.3279344877168244,False
91,warmstart,2,0.006691164451972782,-2.174498296124658,True
92,warmstart,-1,6.005789741788207,0.7785701238037623,False
93,warmstart,3,1.703765159210433,0.23140973298485906,False
94,warmstart,-1,5.191383801680446e-05,-4.284716862319314,True
95,warmstart,2,0.013635726668335357,-1.86532171290101,False
96,warmstart,-1,0.0125697416296726,-1.9006736491207799,False
97,warmstart,-1,0.001660213543924845,-2.779836047512008,True
98,warmstart,-1,22.183824975535124,1.3460364301156422,False
99,warmstart,-1,0.012462094866012668,-1.904408947060634,False
100,warmstart,-1,22.07294006756414,1.3438601840940787,False
101,warmstart,-1,17.252876159397474,1.2368615049764415,False
102,warmstart,-1,0.004792588392441129,-2.3194298684352077,True
103,warmstart,-1,0.023568728632790335,-1.6276638439778233,False
104,warmstart,-1,0.011577738640707862,-1.936376258550484,False
105,warmstart,-1,0.027811011344394027,-1.5557832177772135,False
106,warmstart,1,0.010546486778852442,-1.9768921874431398,False
107,warmstart,-1,22.078697104714,1.3439734414788824,False
108,warmstart,-1,0.031606595596145606,-1.5002222802892395,False
109,warmstart,-1,0.002010834801566646,-2.696623607033795,True
110,warmstart,-1,0.011930939190600422,-1.9233253677931406,False
111,warmstart,4,0.01503280615292962,-1.8229599427012206,False
112,warmstart,-1,0.0005456875628660964,-3.2630559444029963,True
113,warmstart,0,0.002738120382697965,-2.562547461829445,True
114,warmstart,-1,0.010365482207651135,-1.9844104894938273,False
115,warmstart,4,0.02869621689367065,-1.5421753538060115,False
116,warmstart,-1,0.004685544610125655,-2.3292399229349723,True
117,warmstart,0,0.03340347916467192,-1.4762082965618732,False
118,warmstart,2,0.002596286195564961,-2.585647435791633,True
119,warmstart,4,0.059123963453137744,-1.2282364601319942,False
120,warmstart,-1,18.548256406348337,1.2683030908410047,False
121,warmstart,-1,0.014518243609283278,-1.8380859206149196,False
122,warmstart,-1,0.00010838578175833534,-3.9650276855918856,True
123,warmstart,-1,0.0005019807265752759,-3.2993129571631314,True
124,warmstart,-1,20.929074784382927,1.3207500298237074,False
125,warmstart,4,21.391859826910473,1.330248544153196,False
126,warmstart,4,0.002854071607748632,-2.5445351347742946,True
127,warmstart,-1,0.00614434057230276,-2.211524719966695,True
128,warmstart,-1,0.011565552912936664,-1.936833600135263,False
129,warmstart,-1,0.00805727013143023,-2.093812075772246,True
130,warmstart,-1,0.001126444563438238,-2.9482901766745395,True
131,warmstart,-1,0.00969298246065273,-2.0135425731131655,True
132,warmstart,2,21.704007070916322,1.336539922241719,False
133,warmstart,5,0.010571262524887822,-1.9758731418459718,False
134,warmstart,-1,0.0022267095622720764,-2.6523364258615025,True
135,warmstart,-1,0.016987473543872318,-1.7698712066249658,False
136,warmstart,3,0.0009375453727240471,-3.028007705310262,True
137,warmstart,-1,0.015035498335686553,-1.8228821730937472,False
138,warmstart,-1,0.024150101755936723,-1.6170810350181122,False
139,warmstart,-1,0.0006794638977648685,-3.1678336138660477,True
140,warmstart,-1,0.0033392624218272506,-2.4763494498066096,True
141,warmstart,-1,21.584817852044516,1.3341483881238254,False
142,warmstart,-1,0.009670041920160995,-2.014571643222568,True
143,warmstart,-1,0.0010885509875383137,-2.9631512238687057,True
144,warmstart,4,0.001283208086089409,-2.8917029123602966,True
145,warmstart,5,0.00804402609299491,-2.0945265293202824,True
146,warmstart,-1,0.0028541946932573487,-2.5445164056700698,True
147,warmstart,-1,0.020173909183243747,-1.6952099385640274,False
148,warmstart,4,17.398421346898665,1.2405098441772018,False
149,warmstart,-1,0.03319593030139943,-1.4789151559339784,False
150,warmstart,-1,0.03760584675099066,-1.4247446280965221,False
151,warmstart,1,0.009860168083939498,-2.0061156816809764,True
152,warmstart,-1,0.018016377859351375,-1.7443325182302598,False
153,warmstart,3,0.02485389323431024,-1.6046055716090222,False
154,warmstart,2,22.091097604290024,1.3442172944881927,False
155,warmstart,-1,0.03176451048438497,-1.4980578330902028,False
156,warmstart,-1,0.016070450391288325,-1.7939719515060886,False
157,warmstart,2,0.0011904616465796291,-2.92428459181487,True
158,warmstart,-1,0.01242061896651729,-1.905856761080145,False
159,warmstart,-1,0.02192440539326765,-1.6590721762024916,False
160,warmstart,-1,0.02033270983236524,-1.6918047371112708,False
161,warmstart,-1,0.0013014092289632948,-2.8855861177853344,True
162,warmstart,-1,0.01239462823130351,-1.9067664950772654,False
163,warmstart,-1,0.016138522527346648,-1.7921362272094465,False
164,warmstart,0,18.47028835412032,1.266473675604061,False
165,warmstart,-1,0.006929080840940351,-2.159324371763791,True
166,warmstart,-1,0.0005401054806152606,-3.267521415777705,True
167,warmstart,2,0.0031717794792641297,-2.4986970150076293,True
168,warmstart,-1,18.338693662954324,1.263368395937235,False
169,warmstart,-1,0.0027251949219895483,-2.564602428977456,True
170,warmstart,-1,0.024091041575870636,-1.6181444228794368,False
171,warmstart,3,0.0009084726087050554,-3.0416881625415066,True
172,warmstart,-1,0.00840742882403567,-2.0753368006662436,True
173,warmstart,-1,0.012871902044739435,-1.8903572738803605,False
174,warmstart,-1,18.004477797664553,1.2553805296016893,False
175,warmstart,-1,0.009418571648405845,-2.0260149541338923,True
176,warmstart,3,0.023239468867638936,-1.6337738018621493,False
177,warmstart,-1,0.02410558589540839,-1.6178823083605824,False
178,warmstart,4,0.02629400336924394,-1.5801432857533808,False
179,warmstart,4,22.063139476033435,1.3436673104661923,False
180,warmstart,-1,0.01806117244527054,-1.7432540607786597,False
181,warmstart,-1,0.02239065045526201,-1.6499332898498318,False
182,warmstart,-1,0.009600795505404627,-2.017692780575633,True
183,warmstart,-1,0.0004119537723803338,-3.3851515158273813,True
184,warmstart,-1,0.008261012612368224,-2.082966714784981,True
185,warmstart,3,0.017854523406703248,-1.7482517379999791,False
186,warmstart,-1,22.14658253508034,1.3453067192424264,False
187,warmstart,-1,0.01938173721110626,-1.7126072991436303,False
188,warmstart,1,0.0007536482075488399,-3.122831329425858,True
189,warmstart,2,17.225183043595138,1.2361638456392243,False
190,warmstart,0,0.010197866580953497,-1.9914906742213312,False
191,warmstart,2,0.004658650892179138,-2.3317398332909716,True
192,warmstart,-1,0.0027125792118142884,-2.566617570838693,True
193,warmstart,-1,0.017878818177752127,-1.7476611922427934,False
194,warmstart,-1,0.002856560614831875,-2.544156555987222,True
195,warmstart,-1,0.001824883768947363,-2.7387647915430122,True
196,warmstart,2,0.0033763353952677246,-2.471554418361828,True
197,warmstart,-1,22.105485491632244,1.3445000575373698,False
198,warmstart,-1,17.908359556899352,1.253055805390306,False
199,warmstart,3,0.00192015144720482,-2.716664516040484,True
200,warmstart,3,0.00045236856957376383,-3.344507577342666,True
201,warmstart,4,0.004893901754623099,-2.3103447533849923,True
202,warmstart,-1,0.006147417730216156,-2.2113072746351548,True
203,warmstart,-1,0.02035996942906716,-1.6912228784373127,False
204,warmstart,-1,0.007042081704934533,-2.1522989403853514,True
205,warmstart,-1,21.792554090362174,1.3383081326027144,False
206,warmstart,-1,0.0005964668742977775,-3.224413670533723,True
207,warmstart,-1,0.02566526628946817,-1.5906542253659435,False
208,warmstart,-1,22.130787404910983,1.3449968662329195,False
209,warmstart,4,0.002903766829730137,-2.537038260088738,True
210,warmstart,-1,1.9147844920703077,0.282119901452712,False
211,warmstart,-1,22.093827201560114,1.3442709530171564,False
212,warmstart,-1,22.089763132398424,1.344191058974928,False
213,warmstart,-1,0.012488411819846544,-1.9034927883458672,False
214,warmstart,-1,0.0022559127565966557,-2.646677699928632,True
215,warmstart,-1,0.01233376183868971,-1.9089044419273464,False
216,warmstart,-1,0.002792489950169529,-2.55400838118237,True
217,warmstart,-1,0.0008507901819790756,-3.0701775304488024,True
218,warmstart,-1,0.005188480469393533,-2.284959813708907,True
219,warmstart,2,0.002808621240067412,-2.5515068241446883,True
220,warmstart,2,0.00948775700537845,-2.0228364467216613,True
221,warmstart,-1,0.0008626135484129172,-3.0641837250043955,True
222,warmstart,2,0.0019363306878519761,-2.7130204715910358,True
223,warmstart,4,0.04137602685339681,-1.3832512149387597,False
224,warmstart,-1,0.05118122951293265,-1.2908892853838019,False
225,warmstart,-1,0.010315512579103675,-1.9865091870078042,False
226,warmstart,-1,0.0212895645377011,-1.671833221643294,False
227,warmstart,5,0.0021122709509377494,-2.675250373567389,True
228,warmstart,-1,0.0005113570146253085,-3.2912757821674288,True
229,warmstart,0,0.028167429225628073,-1.550252788231526,False
230,warmstart,-1,0.017960220658767408,-1.7456883319061098,False
231,warmstart,-1,0.0014082317529224857,-2.8513258674005586,True
232,warmstart,-1,0.020294886800592594,-1.6926133667174816,False
233,warmstart,3,0.004957051848558235,-2.3047765385439165,True
234,warmstart,-1,0.012918921408742276,-1.8887737437546495,False
235,warmstart,-1,0.02644578723568662,-1.5776435004156188,False
236,warmstart,-1,0.002764607588057178,-2.5583665042999018,True
237,warmstart,2,0.013099266098836748,-1.8827530355010202,False
238,warmstart,2,0.007535350917978567,-2.122896517975362,True
239,warmstart,-1,0.012388932214819274,-1.9069661232603805,False
240,warmstart,-1,0.010556202960565902,-1.9764922683376978,False
241,warmstart,2,22.137657500749775,1.3451316640440125,False
242,warmstart,-1,22.00007178865382,1.3424240979751767,False
243,warmstart,-1,17.701530568414874,1.248010819394486,False
244,warmstart,-1,19.548265730776816,1.2911082340099942,False
245,warmstart,-1,0.0028651014697428172,-2.5428599925555684,True
246,warmstart,-1,0.006569631082590275,-2.1824590175473393,True
247,warmstart,2,22.545433573731458,1.3530585916882076,False
248,warmstart,-1,0.016484349622283994,-1.7829281829475905,False
249,warmstart,-1,22.145213586406065,1.3452798733293003,False
250,warmstart,2,0.00683801342422463,-2.1650700509420333,True
251,warmstart,-1,21.9949461243963,1.3423229025299288,False
252,warmstart,-1,0.0016636720835293754,-2.778932270802396,True
253,warmstart,-1,0.0057401514315414725,-2.2410766502822788,True
254,warmstart,0,0.002771014274934806,-2.557361236935398,True
255,warmstart,4,0.012851082365000302,-1.8910602929279254,False
256,warmstart,-1,17.302329517813032,1.2381045787717548,False
257,warmstart,-1,0.02409502435332316,-1.6180726304124295,False
258,warmstart,-1,22.0419398442142,1.3432498128006893,False
259,warmstart,2,0.034579638019843484,-1.4611795572392896,False
260,warmstart,-1,0.005811201026214607,-2.235734100801866,True
261,warmstart,0,0.006953693134913209,-2.157784478558487,True
262,warmstart,4,0.0011870264363154426,-2.92553960874712,True
263,warmstart,4,0.0013296559326669251,-2.876260724352921,True
264,warmstart,4,21.382234787044915,1.330053093995338,False
265,warmstart,-1,17.235318428971453,1.2364193115715076,False
266,warmstart,4,0.007012729484122056,-2.154112913677717,True
267,warmstart,-1,0.025081808438642397,-1.6006411533832487,False
268,warmstart,-1,0.03592413552241551,-1.4446136739205815,False
269,warmstart,-1,0.003727450786317232,-2.428588081844641,True
270,warmstart,-1,0.010766134031303118,-1.9679402178053937,False
271,warmstart,-1,0.026108217708229506,-1.5832227745156453,False
272,warmstart,-1,21.36605323880738,1.329724306211387,False
273,warmstart,-1,1.8922174101608478,0.2769710340788117,False
274,warmstart,-1,0.017422195167150278,-1.7588971255098989,False
275,warmstart,2,0.001642200477059545,-2.7845738260435864,True
276,warmstart,-1,0.003606922181560716,-2.442863227374828,True
277,warmstart,-1,0.010627991234483603,-1.973548812449281,False
278,warmstart,2,0.0023244695526170047,-2.6336761381094274,True
279,warmstart,2,0.01796842793525032,-1.7454899178221148,False
280,warmstart,-1,0.011141691649508092,-1.953048864972805,False
281,warmstart,-1,0.024206851523058126,-1.6160616936265035,False
282,warmstart,-1,0.018082054771953644,-1.7427522195787915,False
283,warmstart,-1,0.020073713034281022,-1.6973722886408915,False
284,warmstart,-1,17.32106075316233,1.2385744849757057,False
285,warmstart,-1,17.251356292327287,1.2368232447494878,False
286,warmstart,-1,0.029281409640965532,-1.53340801967114,False
287,warmstart,-1,0.001898452191294234,-2.721600335220806,True
288,warmstart,-1,22.070608987003144,1.3438143166707683,False
289,warmstart,-1,0.015312091655746039,-1.814965479941735,False
290,warmstart,-1,0.0005526351239503177,-3.2575615159938107,True
291,warmstart,-1,0.019460388751023,-1.7108484882846366,False
292,warmstart,2,0.01823818923563667,-1.7390182824554388,False
293,warmstart,-1,17.31932705824315,1.2385310135145065,False
294,warmstart,-1,0.004387828166261459,-2.3577503883684465,True
295,warmstart,-1,21.719792067497615,1.3368556632570188,False
296,warmstart,-1,0.02159862269202605,-1.6655739421974165,False
297,warmstart,-1,0.005682285318591744,-2.245476963295415,True
298,warmstart,-1,0.007756292117352622,-2.1103458428933206,True
299,warmstart,-1,0.0009006697794528719,-3.0454344090748764,True
300,warmstart,-1,0.003049830068106294,-2.5157243582072217,True
301,warmstart,-1,0.0014766030678726718,-2.830736233598243,True
302,warmstart,3,0.002092642422243913,-2.6793049748688653,True
303,warmstart,-1,17.87296212449937,1.2521965350303859,False
304,warmstart,-1,0.005924277431981251,-2.2273646118055677,True
305,warmstart,-1,0.003315714358475734,-2.4794228900279958,True
306,warmstart,-1,0.012114418235563055,-1.9166974369248444,False
307,warmstart,-1,0.006407307242110056,-2.193324450293489,True
308,warmstart,-1,22.487258471357503,1.351936511756833,False
309,warmstart,-1,0.040756736072856,-1.3898006029361116,False
310,warmstart,-1,0.052188267052013175,-1.282427123957788,False
311,warmstart,-1,22.064552253232502,1.3436951189156208,False
312,warmstart,-1,0.002007441214375496,-2.6973571636812346,True
313,warmstart,-1,0.06589130669680446,-1.181171879831661,False
314,warmstart,0,0.0031201372009751834,-2.505826308444268,True
315,warmstart,-1,17.42048486814508,1.2410602386526624,False
316,warmstart,2,0.00015620292010233038,-3.8063108515568316,True
317,warmstart,-1,0.07119419173716879,-1.147555436129873,False
318,warmstart,-1,0.016712349262576566,-1.776962496841489,False
319,warmstart,4,0.020179972768513806,-1.6950794241492653,False
320,warmstart,-1,0.0019465135248177092,-2.7107425743587172,True
321,warmstart,-1,0.0021124837452004817,-2.675206624104611,True
322,warmstart,-1,0.030605804390678178,-1.5141962017605453,False
323,warmstart,2,0.00110350889089413,-2.957224163407895,True
324,warmstart,-1,0.009640212954240194,-2.0159133723388805,True
325,warmstart,-1,0.004170078100126901,-2.3798558111805534,True
326,warmstart,-1,22.108918234447913,1.344567493537406,False
327,warmstart,-1,0.011450045408726866,-1.9411927909904334,False
328,warmstart,-1,0.026421943835741583,-1.5780352349394262,False
329,warmstart,-1,17.240555513739544,1.2365512552627578,False
330,warmstart,-1,0.00043112632364693547,-3.3653954592486697,True
331,warmstart,-1,17.69499582835676,1.2478504645874442,False
332,warmstart,-1,0.021062380446230274,-1.6764925469093264,False
333,warmstart,-1,0.00407004190414759,-2.3904011193628927,True
334,warmstart,-1,0.0014861728971105144,-2.8279306630565424,True
335,warmstart,-1,0.0011340631983595161,-2.9453627426794236,True
336,warmstart,-1,0.015501247083524943,-1.8096333612034694,False
337,warmstart,-1,0.007012679855478723,-2.154115987163192,True
338,warmstart,-1,0.014192452439077945,-1.8479425524825468,False
339,warmstart,-1,0.0010733848328931242,-2.9692445456591567,True
340,warmstart,2,0.004906067175442003,-2.3092665095898752,True
341,warmstart,-1,0.0327270716862206,-1.4850928522358413,False
342,warmstart,-1,0.010870300882858895,-1.9637584347585217,False
343,warmstart,4,0.009112972919109988,-2.0403399203112267,True
344,warmstart,-1,0.011200760851214225,-1.9507524753422556,False
345,warmstart,-1,0.03078811714512935,-1.5116168696704873,False
346,warmstart,-1,0.000141294194243325,-3.8498756828781833,True
347,warmstart,-1,0.03180935336470836,-1.497445159342601,False
348,warmstart,-1,0.022362478303429134,-1.6504800677864744,False
349,warmstart,4,0.0016901663252745353,-2.77207055538951,True
350,warmstart,-1,0.022359057681440832,-1.6505465036645979,False
351,warmstart,-1,0.013528512944919961,-1.8687499384584396,False
352,warmstart,2,18.212632451912107,1.2603727232090898,False
353,warmstart,-1,0.008670470475925209,-2.0619573362545216,True
354,warmstart,-1,0.019031732544392114,-1.7205216741291982,False
355,warmstart,-1,0.013708108181615348,-1.8630224768644934,False
356,warmstart,-1,0.03198527157083009,-1.4950499575550706,False
357,warmstart,-1,0.00019232443063567952,-3.715965544589675,True
358,warmstart,-1,0.010414781932624483,-1.9823498189902964,False
359,warmstart,-1,0.009641011507925991,-2.015877398746008,True
360,warmstart,2,0.030972394146681684,-1.5090252226540266,False
361,warmstart,2,0.008795682859495627,-2.055730438116849,True
362,warmstart,-1,22.128426864414394,1.34495054052516,False
363,warmstart,0,22.114460916474265,1.3446763570515838,False
364,warmstart,-1,17.258204311895764,1.2369956060950116,False
365,warmstart,-1,0.02177225616740314,-1.6620965645150254,False
366,warmstart,-1,17.66681438886073,1.2471582462772879,False
367,warmstart,-1,0.8247784945774949,-0.08366267144918373,False
368,warmstart,1,0.03396623619158479,-1.468952574760459,False
369,warmstart,-1,0.024676003736334412,-1.6077251726690498,False
370,warmstart,-1,0.03492374097650996,-1.4568792415290333,False
371,warmstart,-1,0.00161251928135393,-2.792495083678399,True
372,warmstart,-1,0.00123338327614769,-2.9089019446124995,True
373,warmstart,-1,0.011316977416233859,-1.9462695507744765,False
374,warmstart,-1,0.005730714619808715,-2.2417912181568465,True
375,warmstart,-1,0.01103120559816936,-1.957377021012205,False
376,warmstart,-1,0.009250320769912852,-2.0338432071325667,True
377,warmstart,4,17.22159137724605,1.2360732803594197,False
378,warmstart,-1,0.0016985895656417508,-2.7699115480942584,True
379,warmstart,-1,0.003935194186410981,-2.4050338320454663,True
380,warmstart,-1,0.018210540755564067,-1.7396771577926338,False
381,warmstart,-1,17.687539098588285,1.2476674128843301,False
382,warmstart,2,0.01361170440773755,-1.866087490628414,False
383,warmstart,-1,22.0661789658164,1.3437271361643557,False
384,warmstart,-1,0.0005574079204429219,-3.2538268645064314,True
385,warmstart,-1,0.009947322961059135,-2.0022937815325967,True
386,warmstart,3,0.005757188776297613,-2.2397895299403445,True
387,warmstart,-1,0.020194960674276327,-1.6947569881964646,False
388,warmstart,-1,0.01955724148121719,-1.708692401796389,False
389,warmstart,-1,17.788351365702326,1.250135699294918,False
390,warmstart,-1,17.69065238811118,1.247743848926255,False
391,warmstart,-1,0.0005625369771562563,-3.2498489248661895,True
392,warmstart,-1,0.0028310714291784095,-2.5480491730557073,True
393,warmstart,4,0.002132506204658407,-2.671109696552004,True
394,warmstart,-1,0.001051251899391099,-2.978293206514528,True
395,warmstart,-1,0.0006366110770220764,-3.1961258089325613,True
396,warmstart,-1,0.009368322524017996,-2.028338166186103,True
397,warmstart,-1,0.0006588762389539177,-3.181196154126872,True
398,warmstart,-1,0.000503797728124337,-3.2977437952842905,True
399,warmstart,4,0.016320442220302822,-1.787268077736856,False
400,warmstart,-1,0.0015189233777560009,-2.818464133613887,True
