training_type,pair_index,pc1,pc2,best_loss,log10_best_loss,success
heisenberg_only,1,-0.9455065859697322,2.6070906434065724,25.089711207255526,1.3994956624378803,False
heisenberg_only,2,2.2053579272795845,1.4264844509496322,28.44510847090474,1.454007594219999,False
heisenberg_only,3,-0.007412594889129571,-0.05331190238444314,33.33135955558548,1.5228530284954098,False
heisenberg_only,4,0.04440306647735928,0.21231804915823022,12.982217526925144,1.1133488817903128,False
heisenberg_only,5,1.5549111425415278,-3.3816548313616597,34.25416270785702,1.5347133563014212,False
heisenberg_only,6,-0.3517069010148226,2.626999500423147,17.3886277213084,1.240265309628973,False
heisenberg_only,7,-1.3593376413715255,-1.573870531586838,12.959744909707275,1.1125964532786479,False
heisenberg_only,8,0.23218539930889362,-0.9038547714490487,36.26282015553788,1.559461576107023,False
heisenberg_only,9,-1.4547750855311563,0.4395181940436999,34.15999038174481,1.5335177397348907,False
heisenberg_only,10,1.0905433685535961,0.814722737246606,15.586743691159416,1.1927553939140356,False
heisenberg_only,11,0.30776220135291465,0.5843965817519198,26.862927813775713,1.4291533450442213,False
heisenberg_only,12,0.7667762682558785,0.5728121589346131,28.88580054996011,1.4606844082150579,False
heisenberg_only,13,-1.3024432590945298,-3.138363805070998,28.268180922533745,1.4512978622311459,False
heisenberg_only,14,-2.89343091589411,-2.8222489705881557,38.181981606674356,1.5818584640919966,False
heisenberg_only,15,-0.5722995598770234,-0.937739773464293,28.594164989653848,1.456277418746634,False
heisenberg_only,16,-3.7732518564629824,0.6606294640255403,37.72248634736024,1.5766003100290233,False
heisenberg_only,17,-1.516860900521955,1.2437172237183818,20.082315094208397,1.3028137769333554,False
heisenberg_only,18,-1.6143433582713833,-2.770682933117845,32.31340089992443,1.5093826687679754,False
heisenberg_only,19,-1.8961443770925113,-0.6629188569089881,28.816596088927476,1.4596426792155464,False
heisenberg_only,20,-2.353643123793612,-1.2539352852228152,28.035131152766,1.4477025921373607,False
heisenberg_only,21,-2.3943824473656714,-0.8319438663896311,8.588245912197756,0.9339044713465928,False
heisenberg_only,22,-1.7660859776738993,0.17590174917476137,32.07092388759478,1.5061114711072643,False
heisenberg_only,23,-1.8101153367423939,-0.6954263403370186,36.02636336387767,1.5566204250226032,False
heisenberg_only,24,-3.1938329986015876,-3.9605119688969532,34.22669615501566,1.5343649794506158,False
heisenberg_only,25,-0.6357198045089009,0.09309584068476917,38.526177919060856,1.5857559259349805,False
heisenberg_only,26,-1.9550907602768002,-3.537266351115847,33.05153097605028,1.5191915811908292,False
heisenberg_only,27,-2.505134737001655,1.5318195435564965,28.072444352129118,1.4482802296071209,False
heisenberg_only,28,1.4958146759514201,2.83900240308909,38.37695159828624,1.5840704743957412,False
heisenberg_only,29,-1.387277774817754,1.8611802054428055,40.586511336509794,1.6083817226053465,False
heisenberg_only,30,-0.9116164927499468,1.376180394661515,0.30343055757093607,-0.5179406848671025,False
heisenberg_only,31,-2.4398980038706544,0.8206713098872619,32.21362830693005,1.508039643321224,False
heisenberg_only,32,-0.8022706453062746,-0.7985822947009148,8.56579503083205,0.9327676780405146,False
heisenberg_only,33,-2.8287182092104795,-2.1357589317825525,38.12483649285642,1.5812079897869082,False
heisenberg_only,34,-2.3823343719280143,2.9499986939665956,26.29333220099229,1.419845628510292,False
heisenberg_only,35,-3.7482502680794725,-0.5709980897777372,23.486904412146515,1.3708257802805746,False
heisenberg_only,36,1.725362294052636,4.991619838915377,0.01298865630695953,-1.8864357749205627,False
heisenberg_only,37,1.437966123687506,-0.14810314180659714,33.43464538937476,1.524196721397009,False
heisenberg_only,38,1.2353945224986618,0.18217823592885793,15.859597843896802,1.200292170598808,False
heisenberg_only,39,0.08659781288796826,0.6513398068718719,34.14521892229503,1.5333299015452688,False
heisenberg_only,40,-0.5634301570606531,-0.7658753269046809,34.67097721458396,1.5399660825828596,False
heisenberg_only,41,-0.7273898124901207,1.2167870420793987,14.151809548324536,1.1508119753095045,False
heisenberg_only,42,2.7122089295318026,2.0800904707561263,31.411994131126107,1.49709550763869,False
heisenberg_only,43,-0.9410950772333453,-0.40652766625947245,21.689610933467314,1.3362517617438516,False
heisenberg_only,44,1.9765178043122582,-2.19084013902908,37.51005775580941,1.5741477328526694,False
heisenberg_only,45,1.4134972807560706,0.5164060191261284,20.375822918241237,1.3091151576149196,False
heisenberg_only,46,1.19103381990393,-0.4789811386827396,17.64382772679206,1.2465928087034654,False
heisenberg_only,47,-2.5890248842547403,-4.598964133798468,34.54055134150904,1.5383292655610283,False
heisenberg_only,48,-2.789430468149304,3.283059073829225,27.343278610691275,1.4368505876700775,False
heisenberg_only,49,-2.370907380449789,-1.8514772828940371,8.191001203924397,0.9133369897658162,False
heisenberg_only,50,-0.9599763730080327,-0.4915132871272149,19.79540024519912,1.2965642872210392,False
heisenberg_only,51,4.262547235705343,-0.979758337855296,37.027277555344334,1.5685217815564294,False
heisenberg_only,52,-6.639635221311774,-2.5201457617378953,0.0024603321503089016,-2.6090062582182574,True
heisenberg_only,53,-3.2982871516646477,5.229422181494755,32.890681851320466,1.5170728768635147,False
heisenberg_only,54,-4.165798953823683,0.7836063683165406,17.71188282137767,1.2482647303301866,False
heisenberg_only,55,-0.37760611901725194,0.39917352142100687,25.502678936955725,1.4065858034311216,False
heisenberg_only,56,1.034592770523624,-1.4063993004192112,20.546394551846372,1.3127356236031242,False
heisenberg_only,57,-2.992191272824355,2.40775309826688,37.12216740574952,1.56963332489805,False
heisenberg_only,58,-2.5718946703187058,-0.87940021621085,38.90968669874867,1.5900577338735853,False
heisenberg_only,59,-0.3691888261594918,-1.053089231553608,24.198052086362466,1.383780407212134,False
heisenberg_only,60,-2.4881121319211044,-2.5474234015481447,36.26745067425888,1.5595170290567668,False
heisenberg_only,61,-1.0799073562544312,-3.7276224878091275,25.247950639239974,1.4022261324669587,False
heisenberg_only,62,-0.28276308239109693,1.4629330545968948,17.551251206100545,1.2443080821998984,False
heisenberg_only,63,0.9022614573137646,0.2081804218229595,24.1518716517973,1.3829507920875692,False
heisenberg_only,64,-1.3095108080616966,0.6888440208880606,14.907107894965131,1.1733933948219004,False
heisenberg_only,65,-0.8775860292157436,1.7087611256324822,31.020885194955923,1.4916541864434048,False
heisenberg_only,66,-0.6057351102433862,2.215811746552921,40.673285901391516,1.6093092594760618,False
heisenberg_only,67,-1.4233543370954438,1.9829994030836644,37.23219522577972,1.570918643157324,False
heisenberg_only,68,-2.2011162956745767,6.636233014235917,30.763925315102586,1.4880417483571586,False
heisenberg_only,69,0.8379499874798293,-0.17472518871046464,37.669571657618484,1.5759906818493967,False
heisenberg_only,70,0.46835063468751725,0.5280572682427991,37.921917135839024,1.5788902849020408,False
heisenberg_only,71,-1.9735763823125207,2.8880944099257935,13.564007330183115,1.1323880158050474,False
heisenberg_only,72,-0.22960822753061857,-1.6176150019417241,29.62276870079593,1.4716256475438378,False
heisenberg_only,73,-0.6141156454983925,-4.24294256950331,20.450530188245892,1.310704571748973,False
heisenberg_only,74,2.5966859473839,-4.715003195337436,19.987122571960093,1.3007502758055638,False
heisenberg_only,75,0.9407508938619761,-4.476216761058355,24.429072920719335,1.387906985882337,False
heisenberg_only,76,-1.7531352894077257,-1.2109773621281514,28.466641878562193,1.4543362377957474,False
heisenberg_only,77,-2.2066958705952793,0.4819227876360497,31.515956913160608,1.4985304980647158,False
heisenberg_only,78,-0.5970864963481415,-2.3443916460693806,29.15091720726958,1.4646522239934616,False
heisenberg_only,79,-0.9609301989237945,1.6416817272172806,28.453084829679298,1.4541293586706157,False
heisenberg_only,80,1.9264281168209403,0.556369258653427,35.241088830475306,1.5470493181782052,False
heisenberg_only,81,-0.14683246884056908,-1.1951451274820324,36.94897047184984,1.5676023419291216,False
heisenberg_only,82,0.38380590508710366,-3.856502277006737,27.148985245175403,1.43375360148815,False
heisenberg_only,83,-0.6000999783395995,2.7477293101597184,17.732195186102487,1.248762503124743,False
heisenberg_only,84,1.3962233241664848,1.4754297636836335,8.444988057776275,0.9265990397630923,False
heisenberg_only,85,-4.059921522030337,-1.596074296309391,8.595087250018445,0.934250289633802,False
heisenberg_only,86,-1.1101589132172864,2.4126762286709917,17.39207655244157,1.2403514383239684,False
heisenberg_only,87,-3.6319915970751273,0.01621631924499245,33.75232408791976,1.5283036824650627,False
heisenberg_only,88,1.8353815713353578,0.6121289222186864,18.418779605526705,1.2652608512601855,False
heisenberg_only,89,-1.266422659495717,0.2681467565597225,30.798920614419398,1.4885354963895439,False
heisenberg_only,90,3.268558040928243,-0.9373642410999247,20.01760467698562,1.3014121082179675,False
heisenberg_only,91,2.3515908471650753,0.18820154844633782,32.04858845285084,1.5058089062218345,False
heisenberg_only,92,1.8248376696173394,3.4527504146284835,17.402668216710595,1.2406158404064558,False
heisenberg_only,93,-0.7514953051165527,1.3390313445760904,19.87120967579147,1.298224305938707,False
heisenberg_only,94,1.4171507091081896,1.171404685618528,24.020677243420856,1.3805852478185219,False
heisenberg_only,95,0.44667155393049096,0.32729131731945676,40.0505709209386,1.6026087113327654,False
heisenberg_only,96,1.10090530724542,-0.09023470642213545,15.573215215599419,1.1923782854158498,False
heisenberg_only,97,-8.740594351583036,-1.8807334478854303,0.0035179954353368225,-2.453704728383195,True
heisenberg_only,98,-0.7483969305514782,-6.002812977240768,36.90480876324545,1.567082959201715,False
heisenberg_only,99,-0.3512402647360879,-0.7893299962403137,14.805185741740015,1.1704138602972014,False
heisenberg_only,100,0.7117420573297855,-2.955297499413799,31.16166641190781,1.4936206741014582,False
heisenberg_only,101,3.0106221705194534,0.34486239730244805,29.338543397415506,1.4674385481518424,False
heisenberg_only,102,-1.9929988145841713,-0.0922980302790504,17.2880524007247,1.2377460702397787,False
heisenberg_only,103,4.422109813505801,3.8979965811666695,17.70106934298546,1.2479995034086873,False
heisenberg_only,104,-1.912591301454765,0.22155892878654526,27.78336033637089,1.4437847715414645,False
heisenberg_only,105,1.6138687284959023,0.9995082537350756,26.590646675475153,1.4247288993539573,False
heisenberg_only,106,-4.264088047181941,-2.5126005971639933,0.0020935514288950917,-2.6791163660309265,True
heisenberg_only,107,0.16281062524817533,-0.7729245070721557,39.07095949632256,1.5918540766673641,False
heisenberg_only,108,-0.2792551443757399,-0.008320919243129643,32.816650241027034,1.5160942483781483,False
heisenberg_only,109,-6.4481360589961705,2.528733591178414,40.13623016425342,1.6035365785214535,False
heisenberg_only,110,-1.7207009963307929,-1.518746258410301,39.39175641753629,1.595405345760591,False
heisenberg_only,111,2.854289756914463,-0.5346570568856392,30.452156313692402,1.4836180504001333,False
heisenberg_only,112,-1.6439462513252585,5.26805134368898,22.292884223981677,1.348166260563068,False
heisenberg_only,113,0.639959838843271,-0.3598281228666439,38.45487320723069,1.5849513837447993,False
heisenberg_only,114,-2.0819396943243245,0.7386032064272661,1.4656912747512596,0.166042502507253,False
heisenberg_only,115,0.38136747567008916,0.07085427436823565,24.612267243539044,1.3911516220735654,False
heisenberg_only,116,1.8442503933049716,1.035964890650594,33.19697940798077,1.5210985690616945,False
heisenberg_only,117,1.3301487862313688,-1.379231226608271,17.134365997765915,1.2338680393894155,False
heisenberg_only,118,-0.5543884503518417,-0.9668407460440358,22.145885459884962,1.3452930493827615,False
heisenberg_only,119,1.7273035926940496,0.9659844640264144,26.32948772871056,1.4204424094760455,False
heisenberg_only,120,0.1759679868500846,3.9939608540322054,22.671162724122034,1.3554737941327382,False
heisenberg_only,121,-3.1056647877637227,-3.6979789428407845,36.8717449711949,1.566693691265688,False
heisenberg_only,122,-2.455211735787413,1.5577020593446358,23.708260740240256,1.3748996949051306,False
heisenberg_only,123,-2.4942906781799454,-4.2522200551103575,38.26697684545151,1.5828241535963525,False
heisenberg_only,124,-3.053931232343756,0.3851008702726911,35.62936037212274,1.5518080258494438,False
heisenberg_only,125,3.240881416017289,-1.1352972869824018,28.734117455788713,1.4583978626854095,False
heisenberg_only,126,-1.031681310435075,2.2405964023298486,39.34953724749923,1.5949396294005653,False
heisenberg_only,127,-2.1542230715922637,1.5339359573012692,14.924018022202148,1.1738857648219019,False
heisenberg_only,128,-1.0701778107149962,0.707421015619722,25.53726116219716,1.4071743179106992,False
heisenberg_only,129,2.1802723025520834,0.8482750582413442,39.783803692825174,1.5997063032688819,False
heisenberg_only,130,-0.8283957638249635,-0.1673292313165242,28.733768787005047,1.4583925927881274,False
heisenberg_only,131,2.400707244618547,0.14370151170810788,31.806765010804252,1.5025195003113643,False
heisenberg_only,132,-1.5526293280219519,-6.369197336298934,23.223768682654416,1.365932697111119,False
heisenberg_only,133,-3.275477522117485,-1.2921121883515034,24.808776884916035,1.3946053533400922,False
heisenberg_only,134,-4.9389461755984305,0.2795889865233443,32.240914451497275,1.5084073512350105,False
heisenberg_only,135,0.41469682334804525,-1.8175623368818383,38.621108251262356,1.5868247319110627,False
heisenberg_only,136,0.9697577400908483,-1.0983967648731365,0.019710315106493747,-1.7053064326501588,False
heisenberg_only,137,1.8593001057820773,2.7372728704126703,20.727760299299387,1.316552377723161,False
heisenberg_only,138,-0.8813955414720023,-0.2697621969523508,38.42028720582666,1.584560607049347,False
heisenberg_only,139,0.7068059532175225,2.0917214199129646,21.732388591619262,1.3371074619464036,False
heisenberg_only,140,-0.05775921688573306,3.084476163494326,30.20360678611661,1.4800588076517625,False
heisenberg_only,141,-3.993564058500108,7.927330112018536,0.0037614851966364803,-2.4246406430118124,True
heisenberg_only,142,-2.931629973387606,5.160722361239447,0.01554932020097623,-1.8082885930949162,False
heisenberg_only,143,5.9895798026130915,1.8163065340472577,38.09445038874349,1.5808617121298525,False
heisenberg_only,144,-2.0946710638001114,2.7688247801303243,22.01148714212273,1.3426493853883987,False
heisenberg_only,145,-0.3365770390670897,-0.7689857447298053,25.010225961847024,1.3981176155025925,False
heisenberg_only,146,-1.0569743835797965,-4.3482490944946735,20.380668710635724,1.3092184295513982,False
heisenberg_only,147,-0.9341796963167251,-0.33567433529954055,27.349372576403674,1.4369473676079783,False
heisenberg_only,148,-3.995957927095618,0.5270048583687992,37.67702341548744,1.576076585063215,False
heisenberg_only,149,-1.2688130107552222,-0.39587070207872266,28.478894975395992,1.4545231340027993,False
heisenberg_only,150,0.24275238245985373,-1.44008388036331,24.505876301463367,1.3892702369888452,False
heisenberg_only,151,3.6772835266163937,0.7130646544350124,23.295613928604073,1.3672741602571608,False
heisenberg_only,152,-1.708829917386633,-0.475114094073673,27.490385988015518,1.4391808377441002,False
heisenberg_only,153,-2.5258822049883345,-1.9990010358943102,26.127664791279205,1.417100595583362,False
heisenberg_only,154,0.2113071847059997,-0.4467858040766034,21.694848555373355,1.3363566228083867,False
heisenberg_only,155,-2.9408461053475876,-2.7283540865471565,17.327960741977584,1.2387474553499305,False
heisenberg_only,156,0.2824482697211051,-3.7742801105753876,33.383676700754314,1.5235341658637807,False
heisenberg_only,157,-1.620735964789488,-2.130865369520009,33.538069014537314,1.5255380540818537,False
heisenberg_only,158,-4.830376943869237,-0.9303538156013176,39.14941820894975,1.5927253124854013,False
heisenberg_only,159,0.5387155514076689,3.499107539893633,26.82279549394488,1.4285040384047185,False
heisenberg_only,160,-1.4737466259339727,3.729642910282599,34.92781486532328,1.5431714163958246,False
heisenberg_only,161,2.032754520374649,2.4853477566167226,32.33219219777952,1.5096351517851483,False
heisenberg_only,162,3.4572534408554407,-1.55150457131704,29.26112204707188,1.4662909755660745,False
heisenberg_only,163,-0.19325138528792674,-0.41546558056262284,8.792797502820255,0.9441270715181093,False
heisenberg_only,164,-0.24825850331983865,-0.4283807793375805,25.03960904148041,1.398627543689621,False
heisenberg_only,165,-0.03551696272456213,-1.3064798728394986,37.24894117111578,1.5711139321157928,False
heisenberg_only,166,-1.9253867030805423,0.11749223053237902,29.475323074079313,1.4694585740222899,False
heisenberg_only,167,3.16186153928666,-0.14267540221862554,31.619635846257218,1.4999568639873435,False
heisenberg_only,168,0.4893079310270512,-4.185455702934886,28.99094356190068,1.4622623504725607,False
heisenberg_only,169,2.2434184444227157,0.22383801808240966,15.39358860142123,1.187339875719623,False
heisenberg_only,170,-2.6432932587325797,-0.5564882529971587,33.48371841479089,1.5248336810223584,False
heisenberg_only,171,3.7650778382321253,0.2623225703729767,20.930104626182214,1.3207713993114543,False
heisenberg_only,172,0.7951516018144273,-2.1214803452632984,0.01637996837314583,-1.78568694112148,False
heisenberg_only,173,0.8502163948621586,-0.678844787658048,28.260487603111336,1.4511796508428205,False
heisenberg_only,174,-0.31651315223291815,0.42477276065518943,10.002057316086264,1.0000893389127754,False
heisenberg_only,175,0.05802060974997754,-2.574039718189467,33.44100692947829,1.5242793458403123,False
heisenberg_only,176,-4.327930831445598,-1.554086602813226,27.660694278594356,1.441863076625726,False
heisenberg_only,177,-1.2486317641278268,0.4661986788815854,35.20645523645237,1.546622300311688,False
heisenberg_only,178,-2.6108366624222943,1.201801739290003,29.98562509728028,1.4769131068162789,False
heisenberg_only,179,-3.7342885870328386,0.2099923514647549,17.742011766997674,1.2490028629460854,False
heisenberg_only,180,-0.37751839308155444,0.9882639454730112,37.465490181072326,1.5736314190785803,False
heisenberg_only,181,-4.930127870444936,1.1621999070813813,36.31905186120858,1.5601345023815376,False
heisenberg_only,182,-1.1345741956332525,-2.1723140181103244,0.05011569350278011,-1.3000262554818498,False
heisenberg_only,183,-2.558472652003836,1.986586133416632,27.353343406296354,1.4370104178417011,False
heisenberg_only,184,-5.033813838298195,1.2679808703606261,13.464135134325405,1.1291784618356613,False
heisenberg_only,185,2.1579175503028436,-0.7559214670256862,31.52343865645026,1.4986335853424921,False
heisenberg_only,186,-2.1342343656047857,1.7762513015016617,30.06703547368416,1.478090609979826,False
heisenberg_only,187,1.003614113332937,-0.7031174349644206,30.11046113041269,1.4787174066207023,False
heisenberg_only,188,3.076322503910992,-1.353057879389667,23.606513425480593,1.3730318484980728,False
heisenberg_only,189,-3.475611547922172,-1.428047678927031,8.93511390528042,0.9511000932848004,False
heisenberg_only,190,0.5164596587770948,2.7661755941693906,17.938501139516397,1.2537861525301741,False
heisenberg_only,191,0.40238916503978966,1.9763762229302433,24.302311021952136,1.3856475746830146,False
heisenberg_only,192,-1.3636803847620498,1.790389023466581,0.003907562636847796,-2.4080940516659517,True
heisenberg_only,193,1.663981723179082,-1.9487351087354725,40.15466420533747,1.6037359984563169,False
heisenberg_only,194,-2.0862920384303667,-1.8631387074485644,38.948831424964666,1.590494432142017,False
heisenberg_only,195,0.16315369065115373,-0.11197993523117807,35.139552144972306,1.5457962220936337,False
heisenberg_only,196,-2.309596112383803,1.0835991909665532,28.004301225520322,1.4472247404510445,False
heisenberg_only,197,1.3677058112100913,0.41620148851633315,31.224338452232193,1.4944932457783229,False
heisenberg_only,198,-2.0799190627731527,-0.8503418271279923,33.54996029232855,1.5256920105010525,False
heisenberg_only,199,-1.4303461231774601,0.16834693443945417,32.087688197891346,1.5063384288728314,False
heisenberg_only,200,0.9442473223022794,4.541760857430451,37.95785467511718,1.5793016587318813,False
heisenberg_only,201,0.5523393768646256,-0.6346590886142685,0.004565906301001248,-2.3404730051050158,True
heisenberg_only,202,0.8754123997665718,0.8002807410453704,29.728545801524294,1.4731736658204855,False
heisenberg_only,203,1.29992132705167,-0.8713712876959222,28.476172569385554,1.454481616155145,False
heisenberg_only,204,3.633035531547021,2.2850884462528436,21.28065528156849,1.327984996780328,False
heisenberg_only,205,-2.2029563034972885,0.11016296720144446,29.045250312279265,1.4630751235828865,False
heisenberg_only,206,-1.531865038675287,0.4843556935033661,23.314088997928486,1.3676184499898472,False
heisenberg_only,207,-0.8858584601722734,0.5264025017837516,21.19840185038411,1.3263031206588602,False
heisenberg_only,208,-0.3788796551674866,3.0435183055633783,17.753158331322766,1.2492756263403324,False
heisenberg_only,209,-3.242049347923298,-3.43278443372009,21.811591696132865,1.3386873592799522,False
heisenberg_only,210,-2.7715411500547233,-3.5903686961931514,26.285421469239477,1.4197149450332538,False
heisenberg_only,211,0.6746295220007643,2.979917275377334,0.022498296316736558,-1.6478503675888148,False
heisenberg_only,212,-0.17179891556891141,-1.1274726691456312,20.5768951272424,1.313379844146843,False
heisenberg_only,213,0.018490629901961684,2.3312951373102173,31.237046206332195,1.4946699600022975,False
heisenberg_only,214,-0.5116304722419348,-1.3760575685963994,1.808353766281798,0.2572833950082593,False
heisenberg_only,215,-3.2515490922967456,-0.9862060900124391,34.45893079799228,1.5373017979020303,False
heisenberg_only,216,1.3831956505597227,-0.9936684618301294,35.38147580293838,1.5487759438847641,False
heisenberg_only,217,1.8023598446120281,0.4471172136363076,37.85347100749022,1.5781057086784838,False
heisenberg_only,218,2.0803359257416623,-0.8336447361061575,33.00899220612099,1.518632265136072,False
heisenberg_only,219,1.3532471038232434,0.07136160570882433,24.917260806138653,1.3965002979323697,False
heisenberg_only,220,-4.495154817880287,-2.6061189338107593,36.07628300139737,1.5572217851021644,False
heisenberg_only,221,-0.08008027515255382,1.8737864669784732,31.785405450139777,1.502227755600842,False
heisenberg_only,222,0.18442755029587948,-1.257239685197651,0.02028942531168125,-1.6927302539770182,False
heisenberg_only,223,1.3702325871744294,-1.7448601114051505,19.320321202188058,1.2860143423267971,False
heisenberg_only,224,2.9356597996303115,-0.7176371911705446,32.4946682520767,1.5118121074816429,False
heisenberg_only,225,-4.38489427838174,-0.8570212975348467,37.148576952086344,1.5699421819271864,False
heisenberg_only,226,-0.8136958765098372,-1.3599068290985326,24.772330107794534,1.3939668586392608,False
heisenberg_only,227,6.316600787246275,-5.700830493426448,15.311865125845266,1.1850280949782797,False
heisenberg_only,228,2.1323218961586385,-2.2172416627358307,38.87272282052221,1.5896449616375186,False
heisenberg_only,229,1.692599531156791,1.6202139739104988,29.220971064654833,1.4656946442133945,False
heisenberg_only,230,-2.561803325015823,-1.9930829608551466,36.097249532196734,1.557474111642582,False
heisenberg_only,231,-0.89212343055767,-0.5419011372984427,33.4479792723878,1.524369885411457,False
heisenberg_only,232,0.5727005625153322,-1.014477454477763,33.49946927567218,1.5250379266645235,False
heisenberg_only,233,-1.2998337417974992,2.8016537934923154,39.26791521299096,1.5940378445979377,False
heisenberg_only,234,0.7188560404445824,-1.1505280093430135,34.31746183039539,1.5355151593102123,False
heisenberg_only,235,0.9659708859642003,-1.5802714342273756,8.630278674218244,0.936024819437251,False
heisenberg_only,236,-1.573946274356177,2.947332163182087,32.560575083888544,1.512692066780856,False
heisenberg_only,237,-1.4334314043802863,-1.4940694775485035,23.06673142013264,1.3629860589003966,False
heisenberg_only,238,-3.9722829485424365,-1.5178476584568386,0.04091745226629996,-1.388091415554544,False
heisenberg_only,239,-0.9525300702801061,3.2490736059252785,17.536620294414583,1.2439458986699798,False
heisenberg_only,240,-3.567888140640395,-2.3784037848265416,15.605410171574718,1.1932751881189718,False
heisenberg_only,241,-1.0303733133201174,-2.499398983022751,39.44473751507239,1.595989070394229,False
heisenberg_only,242,1.1213337538548178,2.949309119229907,21.195742161951713,1.3262486278491483,False
heisenberg_only,243,-3.211430011739433,0.24810613098325413,34.517435143699416,1.5380385175089284,False
heisenberg_only,244,2.8328580548006084,-2.914802712743466,0.0025154454449629643,-2.5993850972245256,True
heisenberg_only,245,2.8275579674020204,-1.4855078224564224,37.94389382678791,1.579141896418624,False
heisenberg_only,246,-1.753682555550069,-0.8654408267644598,29.042019397465047,1.463026811156299,False
heisenberg_only,247,0.8288868348117472,-0.6900005437308161,17.175868286699938,1.2349187010498308,False
heisenberg_only,248,-1.7535627116340617,3.43454076810227,23.916590850560404,1.3786992739657218,False
heisenberg_only,249,-1.9230944896785092,-1.5240654549402404,17.893900545679486,1.2527050192047429,False
heisenberg_only,250,-1.7228114247721786,-3.5605884944620283,26.077151001195617,1.4162601418126952,False
heisenberg_only,251,-2.597948843103579,0.27763593981918244,0.024904135175374723,-1.6037285350431765,False
heisenberg_only,252,-2.0514586580337317,-3.2777390895781093,0.007697191517232315,-2.1136677074326706,True
heisenberg_only,253,1.1790844497427848,0.6575902018054053,24.85903045595466,1.3954841864198688,False
heisenberg_only,254,-1.0985276946416012,-1.059732079797864,23.72854100547302,1.3752710356150688,False
heisenberg_only,255,-0.9656324877836442,-0.44365641026017244,10.31133653730301,1.0133149614188632,False
heisenberg_only,256,1.1723827105542555,-2.46689673382376,39.25785830107457,1.593926603124503,False
heisenberg_only,257,-1.467928254991145,-0.9031835602532352,20.21850350760655,1.3057490077119425,False
heisenberg_only,258,3.7020069384229557,4.701496528343891,0.04957111784053167,-1.3047712875402646,False
heisenberg_only,259,-1.6986964227041945,1.3963828344545932,17.54256302037409,1.2440930453748051,False
heisenberg_only,260,-4.608817011672853,1.739160839473312,23.707470249306745,1.3748852142320171,False
heisenberg_only,261,-2.2498072022942255,1.4403958493093525,8.456494545997762,0.9271903731070209,False
heisenberg_only,262,0.9461907730281518,0.39865153727491387,37.1348607748864,1.5697818000083976,False
heisenberg_only,263,0.21964905442080965,-0.41677893666776306,29.373929166140925,1.4679620432555265,False
heisenberg_only,264,1.5326180305293258,0.28758654713192533,33.310188578618025,1.52257709136489,False
heisenberg_only,265,1.0623167779325957,2.995448118760365,20.55275210732853,1.3128699841196194,False
heisenberg_only,266,0.28954958386652097,-1.1503820754319372,37.49534981438117,1.573977409722878,False
heisenberg_only,267,-4.303716051344039,-1.0105403374271102,25.418714346621734,1.4051535805890345,False
heisenberg_only,268,1.1818239851378847,-1.4818684060967386,38.615468547621376,1.5867613087953134,False
heisenberg_only,269,1.7035938257516408,-1.9039221613978634,24.624238168072985,1.3913628030470058,False
heisenberg_only,270,-0.6076040170299724,-0.023696833932414455,32.18650703073211,1.5076738483976724,False
heisenberg_only,271,-1.324752650190866,3.4466233531800863,30.116706442985723,1.4788074757674754,False
heisenberg_only,272,0.012376111477858885,1.5054860008308781,19.866693530999243,1.298125592286858,False
heisenberg_only,273,-0.29912958825049113,-0.5205241418323231,16.837213456438676,1.2262702177676312,False
heisenberg_only,274,-0.2921649243670419,2.4063001518418607,7.935574184655813,0.8995783559435309,False
heisenberg_only,275,-2.2358278321940483,-1.3092847773138776,38.63612545296449,1.5869935675683158,False
heisenberg_only,276,-0.24409569152377322,2.759030170179509,29.91647298156311,1.475910390832288,False
heisenberg_only,277,-0.5564602794190571,3.354405116458539,0.009181899369636419,-2.03706747125755,True
heisenberg_only,278,2.7353181135454676,-4.348528061003916,25.350098371032075,1.4039796489519394,False
heisenberg_only,279,-0.7983943345236246,-0.4684998715211364,24.369872517670075,1.386853257333381,False
heisenberg_only,280,-2.570128073028083,-2.5787535327557616,0.05815171684562187,-1.2354374588276544,False
heisenberg_only,281,-1.2945557369476077,-1.048501882352266,22.90343465391559,1.3599006150644033,False
heisenberg_only,282,-1.2552495750424066,3.56316278397158,17.31728415652153,1.2384797832749026,False
heisenberg_only,283,-2.3971244104600484,2.064153223315203,34.68083159084803,1.5400895026157788,False
heisenberg_only,284,-1.5618048731067298,1.762433160358376,39.87563504463239,1.600707612533789,False
heisenberg_only,285,1.966981192111558,1.1813001603761775,36.62667896170771,1.5637975418151993,False
heisenberg_only,286,0.5214314005294992,-0.09333884085067974,25.774790724383035,1.4111951477629405,False
heisenberg_only,287,-2.7297054384433874,-1.5488795204610661,23.993323018727114,1.380090400896305,False
heisenberg_only,288,0.31806857396753513,-1.1797642228750307,18.614662503121714,1.2698551665624354,False
heisenberg_only,289,-2.0862086430711058,-1.465873029713661,32.296972580072065,1.5091618147958252,False
heisenberg_only,290,-0.0027369415840006596,-2.7785014913407653,37.75462888674433,1.5769702056798953,False
heisenberg_only,291,1.7212695618662084,-2.4181960085469205,0.992781352745638,-0.00314638871694855,False
heisenberg_only,292,-3.232128335684992,-1.0367699685097225,8.645120291281447,0.9367710405800161,False
heisenberg_only,293,-1.2649100584098985,0.0764703349201074,0.3857317018627343,-0.413714666609022,False
heisenberg_only,294,4.094401627385665,3.9638632989766487,37.78877642371532,1.577362829968573,False
heisenberg_only,295,1.8625266146538635,-2.392217437439461,0.10488215535984782,-0.9792983963440001,False
heisenberg_only,296,1.556615675126801,-0.40429442670469773,27.14869332860079,1.4337489317578462,False
heisenberg_only,297,-3.120340504895896,-5.668109645185819,0.004042634902850965,-2.39333547875954,True
heisenberg_only,298,-3.4696212153384707,-3.8314965138963206,11.68774519038988,1.0677307347867895,False
heisenberg_only,299,-0.22680903957842427,-0.5882288044276129,38.7830309908548,1.5886417472688306,False
heisenberg_only,300,0.03132680120020589,-1.5315562061882861,0.012485120495511667,-1.9036072618602278,False
heisenberg_only,301,1.6529631758038197,2.0524562714945587,31.262474188693744,1.4950233461711857,False
heisenberg_only,302,0.13412331653785192,-0.21386243883722364,28.243193173293,1.4509137964570846,False
heisenberg_only,303,-0.6219366315578996,0.5792142921933832,26.474842574618656,1.4228333863743217,False
heisenberg_only,304,2.256916263684616,0.9455967554773401,40.51548635041529,1.6076210565723652,False
heisenberg_only,305,-0.012805152149894231,1.867266906774311,6.23773682146611,0.7950270473374184,False
heisenberg_only,306,1.6001653705218584,2.2828047725187526,31.080455550069868,1.492487375683306,False
heisenberg_only,307,-1.0928167021234259,0.7533889275211193,40.277097203026074,1.6050581631195302,False
heisenberg_only,308,-1.1404409671845788,-0.9561375857017785,24.72486143091519,1.393133866297224,False
heisenberg_only,309,2.239600045389475,-1.270404910699385,20.077276536423422,1.3027048008324842,False
heisenberg_only,310,0.2835228194669993,0.7288450456212769,20.276391122379707,1.3069906599755583,False
heisenberg_only,311,-1.0526441009863245,-1.8024129521792935,38.77277043645382,1.5885268338232443,False
heisenberg_only,312,-4.309295581140832,-2.6267671064401235,28.733994197613224,1.4583959997271905,False
heisenberg_only,313,2.645696668309659,-1.702147201650435,0.030599714688840787,-1.5142826228530517,False
heisenberg_only,314,-2.475734177271056,-2.3797207817490715,34.77166772127045,1.5412255208464967,False
heisenberg_only,315,-0.6374561799680152,-0.9767273163063582,38.97757643978484,1.5908148319198818,False
heisenberg_only,316,0.8564801826398366,-2.039190775587576,31.496337603409195,1.498260056929236,False
heisenberg_only,317,0.4119435221582433,-0.35284099322815016,20.25143029765715,1.3064557015479104,False
heisenberg_only,318,-0.6153638989206687,-0.7214287632510297,37.830157511927126,1.5778381495512261,False
heisenberg_only,319,2.7564115339412365,-0.39903810758608005,38.79406636491558,1.588765304407626,False
heisenberg_only,320,-0.5330736592416753,0.021828635520032107,36.49628219900552,1.5622486260265307,False
heisenberg_only,321,0.044126471805554866,-1.2008962443165916,17.577391181981564,1.2449544179877803,False
heisenberg_only,322,-2.4166768716795026,4.32932555516796,27.329142664217848,1.4366260077614679,False
heisenberg_only,323,0.9401660776150964,2.3466608132629263,21.5025124281839,1.332489207355049,False
heisenberg_only,324,3.01988492364389,-1.1080361335926479,38.93044550225437,1.590289373614481,False
heisenberg_only,325,0.8167066680024964,5.305813891465124,17.168667961039894,1.2347366015318566,False
heisenberg_only,326,-0.34851480022893483,-2.901562194674319,16.19628926617195,1.209415524677039,False
heisenberg_only,327,0.8761920636894879,-0.1361348518748185,29.75606325184428,1.473575473208066,False
heisenberg_only,328,2.9620762373325302,0.03275246329074795,26.182766208866624,1.4180155278443423,False
heisenberg_only,329,-1.1044666277656028,-2.4425735388544614,13.166850784089027,1.1194819138653918,False
heisenberg_only,330,-1.8779550696796852,0.011933403506864938,20.065028163656244,1.3024397736543036,False
heisenberg_only,331,0.044906185067537324,0.6677743274512636,29.29337467433682,1.4667694064381305,False
heisenberg_only,332,2.031783122202766,-2.4692527389845957,0.03453451458914186,-1.4617466439792097,False
heisenberg_only,333,-0.26116921649573954,-0.2768516220290127,25.58760473158461,1.4080296332672868,False
heisenberg_only,334,1.4632021634805707,-3.912263279634822,25.38086527491959,1.4045064238153167,False
heisenberg_only,335,-3.0844766933738623,4.6586529357861926,21.345971346062754,1.3293159221119404,False
heisenberg_only,336,-0.31088379715596004,2.165423195389743,23.386249076591113,1.368960570848498,False
heisenberg_only,337,-3.0260878446482202,0.2331099559184797,34.397737011617764,1.5365298717664408,False
heisenberg_only,338,-0.33481721176390944,1.8482972491051923,24.22676656397578,1.3842954547017219,False
heisenberg_only,339,-4.962367499194447,-3.371615822533318,29.335861462994913,1.4673988460253948,False
heisenberg_only,340,2.8632668279392486,-0.5151740070327824,36.16970808937579,1.558345003766185,False
heisenberg_only,341,-3.1603328915482627,0.15444011140363725,32.63382755465407,1.5136680142836942,False
heisenberg_only,342,-2.0751250277152895,-0.5165179067019698,0.013331844752355416,-1.8751097522863303,False
heisenberg_only,343,-2.481725087746177,-1.1885440757010495,0.0017766646695577698,-2.7503945338734996,True
heisenberg_only,344,-0.8227072771819967,-0.7331827022775436,13.29181498167387,1.1235842873917075,False
heisenberg_only,345,-1.4060239129779744,0.41425544837173073,17.3690997245497,1.2397773086720356,False
heisenberg_only,346,-1.476366537772633,0.4890309128570638,31.989824478895997,1.5050118572127082,False
heisenberg_only,347,-1.5951397532636327,1.0087511252211654,34.03253644292721,1.5318943182440965,False
heisenberg_only,348,2.1081079430833674,-0.05050582204420583,33.08268645124198,1.5196007688242252,False
heisenberg_only,349,-1.9798322985881414,-3.867950193988256,13.623842988177422,1.1342996298340902,False
heisenberg_only,350,-0.7211412064156835,-2.8155982745277943,30.442278164783918,1.4834771499833137,False
heisenberg_only,351,-2.431321974835884,0.9185828631384563,17.576390773528633,1.2449296996305108,False
heisenberg_only,352,2.4143502776271073,0.12753738730965494,27.902913404833733,1.4456495512874121,False
heisenberg_only,353,-0.4244394322595316,-2.638876486791525,36.09484347036619,1.5574451627831418,False
heisenberg_only,354,-0.8204797481171066,-0.04749006625326575,16.726633498885587,1.223408541083247,False
heisenberg_only,355,0.18754366891000065,-6.4842059523065405,0.0014349089175630326,-2.843175665379603,True
heisenberg_only,356,0.5484049583361963,2.0009254995042425,28.384602246449568,1.4530828128336732,False
heisenberg_only,357,-2.7654357567012116,0.91850250018728,34.09901724207375,1.5327418624970492,False
heisenberg_only,358,1.1025857454682637,-4.214354748669997,21.68671093804887,1.3361936907984457,False
heisenberg_only,359,-0.5298886294294852,-0.21096429600064315,32.87667184119766,1.5168878467585107,False
heisenberg_only,360,-1.4215053136269014,-1.517241384213937,25.78697253594886,1.411400357721116,False
heisenberg_only,361,1.0342743767042992,-2.712872116361379,32.503794239396356,1.5119340600881805,False
heisenberg_only,362,-0.48176720876327267,-2.6262587194102966,24.829765298906537,1.394972614444958,False
heisenberg_only,363,0.9257415847977664,-1.3382808298279052,21.098692553979504,1.3242555437249446,False
heisenberg_only,364,-2.004248120881525,1.8155882952055142,15.52698962903303,1.1910872629256406,False
heisenberg_only,365,-2.323304340745407,1.4804817142226279,25.930568835673704,1.4138120439380562,False
heisenberg_only,366,-0.21604375935717005,-1.8620556926342036,28.38578068379658,1.4531008429687802,False
heisenberg_only,367,-3.151094509436206,-0.6343435795690545,0.0033565511487627137,-2.4741067304376037,True
heisenberg_only,368,-0.14362388778986535,-0.144580737186614,31.70184694513943,1.5010845648901912,False
heisenberg_only,369,0.019691481587886764,-3.2267328053691013,8.997517584728932,0.9541227041099756,False
heisenberg_only,370,-3.4974333531047046,0.3852926461344836,24.770508309510696,1.3939349187275625,False
heisenberg_only,371,0.5402829019961266,-2.351161955169127,40.77651541414131,1.6104101100868018,False
heisenberg_only,372,1.6429036695206127,-0.10033771500856849,18.027296304360384,1.2559305970416117,False
heisenberg_only,373,-1.9314871969111684,3.3402653610267814,0.037765640514611176,-1.4229031451624374,False
heisenberg_only,374,1.022736980458005,1.3623750185621513,38.83874208881883,1.5892651555116761,False
heisenberg_only,375,0.18495293818224867,-0.5157495976732106,15.135113572651921,1.1799856842150207,False
heisenberg_only,376,-3.8529800507265617,-4.268980054331637,29.38770252246346,1.4681656350410444,False
heisenberg_only,377,-1.359296770412845,-3.6883023935125983,17.377744847011456,1.2399934162987445,False
heisenberg_only,378,-3.7222733468597045,-1.8834331272148945,30.850923475239313,1.4892681685053377,False
heisenberg_only,379,1.5244611070349923,-0.9473691416114933,22.167845904476533,1.3457234938699834,False
heisenberg_only,380,-0.4851766822380404,0.28770150711683257,36.18778658996632,1.558562020489766,False
heisenberg_only,381,-1.3865390766407255,1.3595577465067354,31.033054765897045,1.4918245278456737,False
heisenberg_only,382,-2.055224313662792,1.225864064730702,27.080765616119912,1.4326609383792772,False
heisenberg_only,383,-1.189977775221297,-0.049186428030836414,34.418088013868335,1.5367867408291314,False
heisenberg_only,384,1.0143005973853916,2.99907271562194,27.20816567738217,1.434699263461338,False
heisenberg_only,385,-1.69749571385811,0.1442740220627562,29.856185070847005,1.4750343141550482,False
heisenberg_only,386,3.4184011606230773,1.980031253471413,1.7812330829823362,0.25072075271970967,False
heisenberg_only,387,-3.7564193306799414,0.9493817792901351,32.22101580789184,1.5081392279766805,False
heisenberg_only,388,2.176689429037739,-0.2616139868447718,34.260928158700736,1.5347991242086487,False
heisenberg_only,389,-1.535582419916298,-1.5546098003702986,33.91655448733775,1.530411726746811,False
heisenberg_only,390,-1.1036364208149478,-1.9183018504106817,34.29056317179727,1.5351746178182237,False
heisenberg_only,391,-1.3547133196737773,-0.22635718891704168,34.25743502662797,1.534754842707616,False
heisenberg_only,392,-2.124199396131804,-2.6530149099576343,28.58061786995907,1.4560716133497453,False
heisenberg_only,393,0.1830323267576849,-2.7523891175117767,37.42292712794229,1.5731377539228215,False
heisenberg_only,394,1.2683890896608112,1.5026082833229402,23.494399297897964,1.3709643455095026,False
heisenberg_only,395,0.8375362458495127,-2.3054580966696565,8.490170996662991,0.9289164372591834,False
heisenberg_only,396,-2.126794265028269,-1.0804254657336925,22.379604512308198,1.3498524074988623,False
heisenberg_only,397,0.4820950062691851,-2.455100174346919,26.452750297037056,1.422470832391304,False
heisenberg_only,398,-0.8334893390457289,-2.723619161144018,25.974199628850638,1.4145421740490793,False
heisenberg_only,399,-3.4107093495085654,-2.245020670170972,30.438190939302082,1.4834188370464443,False
heisenberg_only,400,-1.539691499876879,1.3457966892655833,0.8374594200251646,-0.07703622797604412,False
warmstart,1,0.9754454738611523,-0.9642877527936236,17.442262795758392,1.2416028255486335,False
warmstart,2,3.8481069087356192,3.9392964510577313,0.005167250449125452,-2.2867404883213385,True
warmstart,3,1.2409659479535973,2.958771786037219,0.0005989471335882921,-3.2226115091701604,True
warmstart,4,-0.6186685813319867,1.5591051865604069,0.0002954169470654501,-3.529564594312167,True
warmstart,5,3.4307425513948435,-0.912265984984468,0.0029948644295837764,-2.523622832311824,True
warmstart,6,-1.116256315788934,2.990268690243585,0.0010746108959153403,-2.968748760257258,True
warmstart,7,1.5576343540369337,-4.627172936206602,0.0044766762365043514,-2.3490443136540913,True
warmstart,8,0.14508090461607515,-2.0224336452090097,0.04120154214451381,-1.385086528328068,False
warmstart,9,0.10029283273664809,-0.9802445972209518,0.011961705539032171,-1.9222068928073337,False
warmstart,10,-1.5816002910284328,1.4504271610722173,0.010232146174991059,-1.9900332642156269,False
warmstart,11,1.414282693917129,1.4133030187199462,0.00018358199211314992,-3.7361699217701343,True
warmstart,12,-1.178303330361931,0.7361811364900277,0.03358894357859846,-1.473803655140179,False
warmstart,13,-0.024096419097387533,-1.6173749535746131,0.028072891590306927,-1.5517128514540408,False
warmstart,14,-2.6170422139368332,-1.3474767805733765,17.389924694326773,1.2402977013293857,False
warmstart,15,0.5325205129713579,0.28108557857736466,0.026279698299140557,-1.580379624948275,False
warmstart,16,-3.016699762105266,1.7587659305210501,21.34278268009848,1.3292510422592914,False
warmstart,17,1.7903972190185116,-1.700226078716827,0.013286231380688705,-1.8765981885585277,False
warmstart,18,0.8552176833984712,-1.5587099019421256,0.025395056612806097,-1.5952508146683473,False
warmstart,19,-3.956456990196522,-1.413565730831255,0.0035790977800759403,-2.446226436628899,True
warmstart,20,-1.4452476780634371,-1.1041605379014876,0.0025791326924527016,-2.5885263134969803,True
warmstart,21,-3.917720964855044,-3.2413481871507974,0.003107712053385218,-2.507559227779475,True
warmstart,22,0.6949271850397931,-2.797713706666897,0.0006690421964487832,-3.174546490443013,True
warmstart,23,-2.00897770120577,0.0556991436048346,17.40461090431075,1.240664318686114,False
warmstart,24,-2.6168274819853647,-0.7772668008402313,0.027394941277035935,-1.5623296261687345,False
warmstart,25,-0.72007203979635,0.23293068804287623,0.011666207410239311,-1.9330703066372146,False
warmstart,26,-3.0834310318833436,0.039554250735568196,0.00189830944228593,-2.7216329920545057,True
warmstart,27,0.199858819586187,2.204472990935131,0.016805185140545353,-1.7745566986021615,False
warmstart,28,0.7977786634707142,-1.6222887377352881,0.0007847451068864631,-3.105271383571639,True
warmstart,29,1.4478355575262327,2.4721985516148073,0.0019552131131744905,-2.7088058987123844,True
warmstart,30,-0.36451702954005005,-0.024394726620471534,0.022804549083610404,-1.6419785106817966,False
warmstart,31,2.2416252212153087,3.424290001051808,0.014699589133476514,-1.832694803997243,False
warmstart,32,-3.180063445978409,-0.7488089168563632,0.002768737253021586,-2.5577182558748883,True
warmstart,33,-2.2399359326953823,-2.421486023463762,21.343569322544212,1.329267048990128,False
warmstart,34,-1.6550501679458658,-0.25679375020090334,0.029167926204730014,-1.5350944474589525,False
warmstart,35,-2.0683333011201643,-2.504890738482992,0.028095332409047755,-1.5513658251970879,False
warmstart,36,0.9673818645051672,8.49199171371921,0.008057053065677966,-2.0938237759792324,True
warmstart,37,4.939399300683836,0.45904710731355086,0.0041220780487398155,-2.3848837894087906,True
warmstart,38,1.6851440614957671,-0.4230281531526078,0.8588728241235037,-0.06607113869536949,False
warmstart,39,3.5636357042262774,-0.19972964552564051,0.0034603251389367226,-2.46088309212865,True
warmstart,40,-0.6760785141952306,3.088273309616754,0.008920745564956884,-2.0495988472813345,True
warmstart,41,0.5263194839457849,0.47208050132005885,0.0025374173615611167,-2.5956080929220473,True
warmstart,42,3.7638501513083837,5.9752971718731445,0.0010038437381776424,-2.9983338857257147,True
warmstart,43,-2.113383537115129,-1.0135858712114483,0.0006581261055582511,-3.1816908819168663,True
warmstart,44,1.96053022206839,-3.3350980980969602,0.000181219738519589,-3.7417945005705144,True
warmstart,45,0.8902508975321594,-1.001793556116038,0.014543428661105905,-1.837333195054645,False
warmstart,46,0.9667377561161937,-0.12528694388915623,0.004799348175068374,-2.318817742456427,True
warmstart,47,-2.7840424257855627,-4.519249062796496,0.00043628247889836386,-3.360232227926658,True
warmstart,48,-3.2343694087923165,-0.7735961728149264,0.017118328409141924,-1.7665386460916543,False
warmstart,49,-0.2952445081662011,-4.573223655608277,0.018311609856753522,-1.737273473220368,False
warmstart,50,1.863463946146792,0.7637160594309945,17.574501726447156,1.2448830207176307,False
warmstart,51,7.19370745110836,-2.7939142069582714,0.00893412402033354,-2.048948023100731,True
warmstart,52,-5.933259626258066,-2.89076929642212,0.004046584905980418,-2.3929113427514923,True
warmstart,53,0.22363314729713238,3.6335005432737257,0.0012071140516250645,-2.918251694565964,True
warmstart,54,0.5682229035208191,-0.32655545652325674,0.014330188862898182,-1.8437480858361506,False
warmstart,55,-1.67990124287584,3.6011647486920366,0.0018811773325470903,-2.7255702629734957,True
warmstart,56,0.603692116290959,-1.923494697591522,0.016967121786158935,-1.7703918228799673,False
warmstart,57,-4.851765314711045,3.5375865561598836,0.01818553123023523,-1.740274007944984,False
warmstart,58,1.0374318639457072,1.2131663843148965,22.107680231326725,1.3445431742571852,False
warmstart,59,1.6798873586713285,2.1509701974982107,0.0021003159336702155,-2.6777153729186822,True
warmstart,60,1.844950304017548,-2.178464809604126,0.0018705442227154464,-2.7280320199147123,True
warmstart,61,-1.1963307752482575,-2.295691929355731,0.0010002911298401947,-2.999873582317973,True
warmstart,62,0.5078045698650343,1.7466906928311696,0.022772541872389817,-1.6425884907049961,False
warmstart,63,1.8985222207682892,-0.6449882669181323,0.010226627859380616,-1.9902675474696585,False
warmstart,64,0.4922635154895016,0.32623080210523725,22.082819810618236,1.344054528749202,False
warmstart,65,-2.13210061806543,0.6185863672901761,0.015903482275767603,-1.7985077708012043,False
warmstart,66,1.7250759248572491,2.4192479326314418,0.0018721218822339675,-2.727665880459797,True
warmstart,67,2.0651556990814286,1.089376421922808,0.01823044577308311,-1.7392027117935573,False
warmstart,68,-2.8191962141684557,6.454824997510097,0.009363279633915944,-2.0285720062365815,True
warmstart,69,-0.28110828075250777,7.225178442819382,0.0015684962647844426,-2.804516511193483,True
warmstart,70,-0.43958415801631817,2.9545066588569444,0.03574116391301134,-1.4468313087758797,False
warmstart,71,-3.075105284678522,0.27241896687001554,0.0031239838665040984,-2.505291217658481,True
warmstart,72,-1.001337086607426,0.9100363033942158,0.022779309248561447,-1.6424594494442086,False
warmstart,73,-3.546904842512652,-1.8963721522208081,17.64170135357677,1.2465404658774373,False
warmstart,74,2.501598328281777,-0.1743810345828856,0.02029065619324876,-1.6927039077966761,False
warmstart,75,1.4796105100968446,-2.0164167861506432,0.007766557513301153,-2.109771437346533,True
warmstart,76,-1.7300090724152763,1.872824090841578,0.010520536392978607,-1.9779621169720079,False
warmstart,77,-0.22358471583596207,1.241265085759331,0.0009733244524628889,-3.0117423658712004,True
warmstart,78,-0.5524710705434343,-4.557027001058707,0.002397904529823389,-2.620168111894495,True
warmstart,79,1.5159410276114647,-0.27505479822121065,0.00858323006841474,-2.0663492463118622,True
warmstart,80,0.7701821469960927,1.0531208497639388,0.016684124031263972,-1.7776965902303477,False
warmstart,81,2.093268761760852,-3.201263448536361,0.011527633288365,-1.9382598475456172,False
warmstart,82,-0.18745022539506995,1.3848643405283338,18.361334996596533,1.2639042542387338,False
warmstart,83,-3.192043956716455,2.1156394673349297,0.011172153985966366,-1.9518630870424065,False
warmstart,84,-0.5980227742470152,2.2730493697393435,0.010982158562798622,-1.959312290143001,False
warmstart,85,-3.201784270539278,1.2153027310402316,0.008809753959704979,-2.0550362204681516,True
warmstart,86,-0.04553167883622982,1.3430721749835743,0.011497558172446356,-1.9393943844146302,False
warmstart,87,-5.249092646590624,-1.1584424048603352,0.002668274584334345,-2.573769480480693,True
warmstart,88,3.7325158182414464,-3.9526576129689124,0.0018998800724472859,-2.7212738124778038,True
warmstart,89,0.6356181858629348,-1.4517251311018489,0.011160073964138964,-1.9523329270730847,False
warmstart,90,-0.09198949709604433,-0.2519630929783684,21.278180455126964,1.3279344877168244,False
warmstart,91,3.8579378436579495,-4.032507349793025,0.006691164451972782,-2.174498296124658,True
warmstart,92,2.504146988029979,2.4681448990950963,6.005789741788207,0.7785701238037623,False
warmstart,93,-2.1188696502222557,-0.18274824129462927,1.703765159210433,0.23140973298485906,False
warmstart,94,-1.7561383867242748,5.13983923670892,5.191383801680446e-05,-4.284716862319314,True
warmstart,95,0.4054000963229295,2.112466681936108,0.013635726668335357,-1.86532171290101,False
warmstart,96,-0.39404204087834815,0.3536883285116831,0.0125697416296726,-1.9006736491207799,False
warmstart,97,-9.285986170657084,-0.9990908306268107,0.001660213543924845,-2.779836047512008,True
warmstart,98,-1.713354700729658,1.0315331470037952,22.183824975535124,1.3460364301156422,False
warmstart,99,0.5134957274463077,0.11531548642963343,0.012462094866012668,-1.904408947060634,False
warmstart,100,0.6744444534652059,-1.0923802774558358,22.07294006756414,1.3438601840940787,False
warmstart,101,2.5647049586158523,1.2147672936280214,17.252876159397474,1.2368615049764415,False
warmstart,102,-1.1789457598849264,2.14250129918626,0.004792588392441129,-2.3194298684352077,True
warmstart,103,-0.09381229364278816,2.4336530040325943,0.023568728632790335,-1.6276638439778233,False
warmstart,104,1.9282809409744324,0.8295949052557471,0.011577738640707862,-1.936376258550484,False
warmstart,105,4.140477324945281,0.7946834922667918,0.027811011344394027,-1.5557832177772135,False
warmstart,106,-3.0693160440675618,0.10456964009463753,0.010546486778852442,-1.9768921874431398,False
warmstart,107,2.4990597523771316,-3.8659840625691455,22.078697104714,1.3439734414788824,False
warmstart,108,-0.7881291785507482,6.204370798628414,0.031606595596145606,-1.5002222802892395,False
warmstart,109,-6.731496769122495,1.4348697670148347,0.002010834801566646,-2.696623607033795,True
warmstart,110,-1.742595078447664,-0.46933434353131903,0.011930939190600422,-1.9233253677931406,False
warmstart,111,-1.3635722631878051,2.7230110591437247,0.01503280615292962,-1.8229599427012206,False
warmstart,112,1.4888338793785942,4.779658817661563,0.0005456875628660964,-3.2630559444029963,True
warmstart,113,2.63946941940121,0.0841297648614424,0.002738120382697965,-2.562547461829445,True
warmstart,114,-1.3181103920881125,-0.3334039405588535,0.010365482207651135,-1.9844104894938273,False
warmstart,115,-0.6960536406249603,0.8740248442202174,0.02869621689367065,-1.5421753538060115,False
warmstart,116,1.9393238642589663,-0.6791213426721875,0.004685544610125655,-2.3292399229349723,True
warmstart,117,2.381171283226875,-2.3310299391001745,0.03340347916467192,-1.4762082965618732,False
warmstart,118,-0.8562695386364029,-4.366449570994624,0.002596286195564961,-2.585647435791633,True
warmstart,119,2.7196007492954735,1.582106966851611,0.059123963453137744,-1.2282364601319942,False
warmstart,120,-0.48667403172984136,-0.7717027296110403,18.548256406348337,1.2683030908410047,False
warmstart,121,0.25845943774052077,-2.8171347913051683,0.014518243609283278,-1.8380859206149196,False
warmstart,122,-3.4526204095367783,1.562096259152519,0.00010838578175833534,-3.9650276855918856,True
warmstart,123,-3.8041417636999038,1.9789843208261764,0.0005019807265752759,-3.2993129571631314,True
warmstart,124,-2.661039584554849,2.6555762596724026,20.929074784382927,1.3207500298237074,False
warmstart,125,0.7388651165963105,-1.773214403410888,21.391859826910473,1.330248544153196,False
warmstart,126,2.9247406270682244,1.8774497788775917,0.002854071607748632,-2.5445351347742946,True
warmstart,127,-0.5910146859809613,0.7568614086174904,0.00614434057230276,-2.211524719966695,True
warmstart,128,-0.7254008790525519,2.2131908260776965,0.011565552912936664,-1.936833600135263,False
warmstart,129,2.282207197597208,0.31715223400021136,0.00805727013143023,-2.093812075772246,True
warmstart,130,0.17400175640917265,2.914498124853037,0.001126444563438238,-2.9482901766745395,True
warmstart,131,1.8285335210851628,-1.588713937191834,0.00969298246065273,-2.0135425731131655,True
warmstart,132,-0.06638641619687259,-3.9366047152616215,21.704007070916322,1.336539922241719,False
warmstart,133,0.42455587506834386,-0.05943624247952409,0.010571262524887822,-1.9758731418459718,False
warmstart,134,-5.190047058869739,2.3219509183740557,0.0022267095622720764,-2.6523364258615025,True
warmstart,135,0.8435239545082196,-4.604478111751125,0.016987473543872318,-1.7698712066249658,False
warmstart,136,0.6491401751857611,1.9790472514315955,0.0009375453727240471,-3.028007705310262,True
warmstart,137,2.3422392101062814,-2.0234671843130654,0.015035498335686553,-1.8228821730937472,False
warmstart,138,-1.3021160722702245,-0.02902164449679076,0.024150101755936723,-1.6170810350181122,False
warmstart,139,0.029333580565328365,2.9268794201449846,0.0006794638977648685,-3.1678336138660477,True
warmstart,140,3.1297672394260636,3.4550009581231538,0.0033392624218272506,-2.4763494498066096,True
warmstart,141,-0.6075633232393133,3.672213340061783,21.584817852044516,1.3341483881238254,False
warmstart,142,-1.1779790487018862,0.42931453335614583,0.009670041920160995,-2.014571643222568,True
warmstart,143,4.762333639691155,0.9093903513539399,0.0010885509875383137,-2.9631512238687057,True
warmstart,144,-3.0086641651468407,2.6674450798570812,0.001283208086089409,-2.8917029123602966,True
warmstart,145,3.3219959049686203,-6.217056114836164,0.00804402609299491,-2.0945265293202824,True
warmstart,146,-3.2652920706231394,-5.534749690611037,0.0028541946932573487,-2.5445164056700698,True
warmstart,147,-0.6828220491802985,-0.9038293361760478,0.020173909183243747,-1.6952099385640274,False
warmstart,148,-1.947841394734703,-0.3900650167861156,17.398421346898665,1.2405098441772018,False
warmstart,149,-0.804559658330312,-1.9152288903259198,0.03319593030139943,-1.4789151559339784,False
warmstart,150,-1.5526466633170863,-1.332620427078376,0.03760584675099066,-1.4247446280965221,False
warmstart,151,6.415642713020085,-3.8737349789086126,0.009860168083939498,-2.0061156816809764,True
warmstart,152,-0.572040660901933,-1.5848673153786452,0.018016377859351375,-1.7443325182302598,False
warmstart,153,-3.5083656243797554,-2.0289666724735946,0.02485389323431024,-1.6046055716090222,False
warmstart,154,-0.7452745649847342,-2.7079711861068305,22.091097604290024,1.3442172944881927,False
warmstart,155,-2.2548138639362896,2.3277172652564975,0.03176451048438497,-1.4980578330902028,False
warmstart,156,1.6881145136820173,-0.977618618778983,0.016070450391288325,-1.7939719515060886,False
warmstart,157,-2.873840201084202,0.8242923352749274,0.0011904616465796291,-2.92428459181487,True
warmstart,158,-1.3103129561825348,-2.033881764413618,0.01242061896651729,-1.905856761080145,False
warmstart,159,2.238672279246714,0.7991722125059089,0.02192440539326765,-1.6590721762024916,False
warmstart,160,-0.17813362390777837,-1.8441740551871537,0.02033270983236524,-1.6918047371112708,False
warmstart,161,4.213903670188947,7.284756767171036,0.0013014092289632948,-2.8855861177853344,True
warmstart,162,1.5230131118975858,0.09137548903672539,0.01239462823130351,-1.9067664950772654,False
warmstart,163,0.7201172391067926,0.9450758831625379,0.016138522527346648,-1.7921362272094465,False
warmstart,164,1.1389757426900675,2.1183300436577825,18.47028835412032,1.266473675604061,False
warmstart,165,1.4369526273537134,-4.597401349536817,0.006929080840940351,-2.159324371763791,True
warmstart,166,-2.946251693446133,2.7505985124336,0.0005401054806152606,-3.267521415777705,True
warmstart,167,2.292693642960029,4.425654009462947,0.0031717794792641297,-2.4986970150076293,True
warmstart,168,-2.742190577532684,-2.691214932602338,18.338693662954324,1.263368395937235,False
warmstart,169,5.807746924364602,-0.477593845778616,0.0027251949219895483,-2.564602428977456,True
warmstart,170,-0.11749853036070801,-2.4430835908211392,0.024091041575870636,-1.6181444228794368,False
warmstart,171,3.1111773883666087,1.9280797313557538,0.0009084726087050554,-3.0416881625415066,True
warmstart,172,-0.00016898367150596936,-4.863849432848807,0.00840742882403567,-2.0753368006662436,True
warmstart,173,-0.6971258680354784,3.60431115226185,0.012871902044739435,-1.8903572738803605,False
warmstart,174,0.3162455753031113,-1.7820789943319475,18.004477797664553,1.2553805296016893,False
warmstart,175,-0.6723602008191727,-3.974369307662349,0.009418571648405845,-2.0260149541338923,True
warmstart,176,-0.4935783992255794,-2.071600711907066,0.023239468867638936,-1.6337738018621493,False
warmstart,177,0.3085550208769192,-1.2890368392395724,0.02410558589540839,-1.6178823083605824,False
warmstart,178,-2.3714682651923042,0.23088165953173623,0.02629400336924394,-1.5801432857533808,False
warmstart,179,-1.8753112701248373,-1.4373785547421498,22.063139476033435,1.3436673104661923,False
warmstart,180,2.915877795260625,-0.13427479568637957,0.01806117244527054,-1.7432540607786597,False
warmstart,181,-0.8822087174283276,1.1014492320458602,0.02239065045526201,-1.6499332898498318,False
warmstart,182,2.7701383759631844,-0.10360105391955708,0.009600795505404627,-2.017692780575633,True
warmstart,183,-0.8171664393806071,3.6419423571707874,0.0004119537723803338,-3.3851515158273813,True
warmstart,184,-4.402444103884624,2.9351067546094303,0.008261012612368224,-2.082966714784981,True
warmstart,185,1.4307669263165674,1.2096874109114975,0.017854523406703248,-1.7482517379999791,False
warmstart,186,-0.5778672496708279,-1.058950274352423,22.14658253508034,1.3453067192424264,False
warmstart,187,2.0639396301963204,-1.4155953918543764,0.01938173721110626,-1.7126072991436303,False
warmstart,188,-0.2721905191569261,-3.5650497189779013,0.0007536482075488399,-3.122831329425858,True
warmstart,189,-1.3469514694505453,-1.2955913100584213,17.225183043595138,1.2361638456392243,False
warmstart,190,-0.11857840890205833,-0.7988131175467047,0.010197866580953497,-1.9914906742213312,False
warmstart,191,2.986878855912644,2.92487068050853,0.004658650892179138,-2.3317398332909716,True
warmstart,192,-1.3009516451578746,0.8415372524560016,0.0027125792118142884,-2.566617570838693,True
warmstart,193,-3.1567034093562376,-1.465299899828998,0.017878818177752127,-1.7476611922427934,False
warmstart,194,-0.5329165327820333,-2.043593126948875,0.002856560614831875,-2.544156555987222,True
warmstart,195,1.729385617900507,-1.2434336814336207,0.001824883768947363,-2.7387647915430122,True
warmstart,196,-0.8893782948693164,1.8883403373491539,0.0033763353952677246,-2.471554418361828,True
warmstart,197,2.185123253390016,-1.374396981264172,22.105485491632244,1.3445000575373698,False
warmstart,198,-3.1131166928467637,-3.1939720574214983,17.908359556899352,1.253055805390306,False
warmstart,199,1.9733776365695306,0.31724483436188505,0.00192015144720482,-2.716664516040484,True
warmstart,200,2.8865397844431047,4.388203317129082,0.00045236856957376383,-3.344507577342666,True
warmstart,201,3.7856607351160174,-2.082876360022928,0.004893901754623099,-2.3103447533849923,True
warmstart,202,4.690823076162979,-3.2563883156920372,0.006147417730216156,-2.2113072746351548,True
warmstart,203,0.2019502306126815,-2.3072337777199396,0.02035996942906716,-1.6912228784373127,False
warmstart,204,5.019923498732829,0.04290671846859794,0.007042081704934533,-2.1522989403853514,True
warmstart,205,0.5283255906444159,-0.20671635455434992,21.792554090362174,1.3383081326027144,False
warmstart,206,-1.5466750359645405,0.45906572382422606,0.0005964668742977775,-3.224413670533723,True
warmstart,207,1.1611053318866549,-0.4497992631755807,0.02566526628946817,-1.5906542253659435,False
warmstart,208,1.3823657587136622,1.4937885464692113,22.130787404910983,1.3449968662329195,False
warmstart,209,-3.3681430082532238,-4.908947031122335,0.002903766829730137,-2.537038260088738,True
warmstart,210,-0.06907451501599689,-3.477680938044416,1.9147844920703077,0.282119901452712,False
warmstart,211,-2.263779781974006,3.193022614606509,22.093827201560114,1.3442709530171564,False
warmstart,212,0.8979834914720827,-0.7728360674499666,22.089763132398424,1.344191058974928,False
warmstart,213,-2.3027348749862138,2.053625761377033,0.012488411819846544,-1.9034927883458672,False
warmstart,214,0.885422240036694,-1.7056902981654627,0.0022559127565966557,-2.646677699928632,True
warmstart,215,-4.762419866990981,-0.5358430909073393,0.01233376183868971,-1.9089044419273464,False
warmstart,216,1.2101155481710977,0.24499877566409356,0.002792489950169529,-2.55400838118237,True
warmstart,217,2.7357571066864095,5.745919874830967,0.0008507901819790756,-3.0701775304488024,True
warmstart,218,4.363837113349969,2.1123974555006453,0.005188480469393533,-2.284959813708907,True
warmstart,219,1.2997190762268525,1.1688973584018578,0.002808621240067412,-2.5515068241446883,True
warmstart,220,-7.526886518336665,1.4459171762727665,0.00948775700537845,-2.0228364467216613,True
warmstart,221,-2.140528505054993,1.684078468480578,0.0008626135484129172,-3.0641837250043955,True
warmstart,222,6.147760719964968,-1.1967757833676351,0.0019363306878519761,-2.7130204715910358,True
warmstart,223,0.1595604006341612,-1.0265438669134825,0.04137602685339681,-1.3832512149387597,False
warmstart,224,1.0045340395499853,1.3211921924221608,0.05118122951293265,-1.2908892853838019,False
warmstart,225,-0.06891763453877399,0.5173694781360679,0.010315512579103675,-1.9865091870078042,False
warmstart,226,0.5935423148909078,1.3387376975680985,0.0212895645377011,-1.671833221643294,False
warmstart,227,7.629533341380436,-4.439043706891869,0.0021122709509377494,-2.675250373567389,True
warmstart,228,4.079410729139189,-1.8495402399201082,0.0005113570146253085,-3.2912757821674288,True
warmstart,229,0.6052906109610549,0.5713314437845354,0.028167429225628073,-1.550252788231526,False
warmstart,230,0.19193720512211468,-0.9261034333064989,0.017960220658767408,-1.7456883319061098,False
warmstart,231,0.14974867477134152,1.8826224022931481,0.0014082317529224857,-2.8513258674005586,True
warmstart,232,-1.5445336515953478,2.0198014109829336,0.020294886800592594,-1.6926133667174816,False
warmstart,233,-2.649035617692515,4.5093391842805115,0.004957051848558235,-2.3047765385439165,True
warmstart,234,2.014738278941614,4.246511524953488,0.012918921408742276,-1.8887737437546495,False
warmstart,235,2.5155497284070973,-1.1031818768872224,0.02644578723568662,-1.5776435004156188,False
warmstart,236,-2.9626767032621824,5.025376576020514,0.002764607588057178,-2.5583665042999018,True
warmstart,237,-2.5617217910940853,1.0155603401827693,0.013099266098836748,-1.8827530355010202,False
warmstart,238,-3.3612087473239423,-2.906989994152288,0.007535350917978567,-2.122896517975362,True
warmstart,239,0.4181062127128666,2.6630873412964413,0.012388932214819274,-1.9069661232603805,False
warmstart,240,-1.557969363160594,0.34500197282161493,0.010556202960565902,-1.9764922683376978,False
warmstart,241,0.15767346281017383,-5.103291481559615,22.137657500749775,1.3451316640440125,False
warmstart,242,-0.5084996601990883,2.914765378964596,22.00007178865382,1.3424240979751767,False
warmstart,243,-2.5391438587448176,1.6429808270645803,17.701530568414874,1.248010819394486,False
warmstart,244,2.0151326275413717,0.4070665639046118,19.548265730776816,1.2911082340099942,False
warmstart,245,2.550121818626601,1.7650694694260478,0.0028651014697428172,-2.5428599925555684,True
warmstart,246,-2.906050676461472,-3.201371906036904,0.006569631082590275,-2.1824590175473393,True
warmstart,247,0.9320281461933755,2.7640029770334467,22.545433573731458,1.3530585916882076,False
warmstart,248,-0.2054282502827774,1.5949062731348111,0.016484349622283994,-1.7829281829475905,False
warmstart,249,-0.21738562910790207,-2.0848309761098087,22.145213586406065,1.3452798733293003,False
warmstart,250,-1.8051944574858043,-2.4543543677219883,0.00683801342422463,-2.1650700509420333,True
warmstart,251,-1.36272563000387,-2.67888176180592,21.9949461243963,1.3423229025299288,False
warmstart,252,-4.988589650199767,-0.915433019777083,0.0016636720835293754,-2.778932270802396,True
warmstart,253,1.8314612016951448,0.23846987250359608,0.0057401514315414725,-2.2410766502822788,True
warmstart,254,0.8771455315388673,-2.33998047683826,0.002771014274934806,-2.557361236935398,True
warmstart,255,0.847647685639373,-0.7713878867572774,0.012851082365000302,-1.8910602929279254,False
warmstart,256,-0.05020433459221466,-1.2351977321826804,17.302329517813032,1.2381045787717548,False
warmstart,257,2.364591605799858,-3.673345467362645,0.02409502435332316,-1.6180726304124295,False
warmstart,258,2.2469092694968786,2.973317937696476,22.0419398442142,1.3432498128006893,False
warmstart,259,-3.822901713277469,0.34617740215321485,0.034579638019843484,-1.4611795572392896,False
warmstart,260,-2.59986884604543,-0.3601444386315408,0.005811201026214607,-2.235734100801866,True
warmstart,261,0.6152416350826787,2.7026072625319646,0.006953693134913209,-2.157784478558487,True
warmstart,262,3.9313876756135944,-0.8999713985738896,0.0011870264363154426,-2.92553960874712,True
warmstart,263,-0.5496359426358083,1.9312585970370995,0.0013296559326669251,-2.876260724352921,True
warmstart,264,0.5893537478661682,-3.558879786032659,21.382234787044915,1.330053093995338,False
warmstart,265,0.6913928852155659,-0.6377928112492562,17.235318428971453,1.2364193115715076,False
warmstart,266,1.3522257276224021,-1.6746982953251044,0.007012729484122056,-2.154112913677717,True
warmstart,267,-3.5625511836216863,1.8923420730743086,0.025081808438642397,-1.6006411533832487,False
warmstart,268,1.0022743321353864,-1.2133502028721368,0.03592413552241551,-1.4446136739205815,False
warmstart,269,4.1884716096570225,-2.2779209770991526,0.003727450786317232,-2.428588081844641,True
warmstart,270,2.111323907544157,-1.5303402050115646,0.010766134031303118,-1.9679402178053937,False
warmstart,271,-0.6795899849442281,5.311367549530471,0.026108217708229506,-1.5832227745156453,False
warmstart,272,0.607156990121064,-2.4365704569663937,21.36605323880738,1.329724306211387,False
warmstart,273,-0.6816988009064485,-0.35873941933565656,1.8922174101608478,0.2769710340788117,False
warmstart,274,1.194527624461958,-0.1860296971372444,0.017422195167150278,-1.7588971255098989,False
warmstart,275,-4.124300598805906,-0.7443180752050021,0.001642200477059545,-2.7845738260435864,True
warmstart,276,1.2621754114281436,-0.04318965586783368,0.003606922181560716,-2.442863227374828,True
warmstart,277,1.1415564058164562,0.7185270124721254,0.010627991234483603,-1.973548812449281,False
warmstart,278,3.2157052446607697,-6.514325319482102,0.0023244695526170047,-2.6336761381094274,True
warmstart,279,0.8343806220482233,1.2168399128746377,0.01796842793525032,-1.7454899178221148,False
warmstart,280,-2.119303419720668,-2.435770589891366,0.011141691649508092,-1.953048864972805,False
warmstart,281,1.4085136438612966,-1.738512657828754,0.024206851523058126,-1.6160616936265035,False
warmstart,282,-0.6473053328894853,2.4354731879700227,0.018082054771953644,-1.7427522195787915,False
warmstart,283,0.13655710687963965,-0.3331040819156083,0.020073713034281022,-1.6973722886408915,False
warmstart,284,1.4207442804832622,-1.0909626009461868,17.32106075316233,1.2385744849757057,False
warmstart,285,1.4430016615157577,1.5616312398606802,17.251356292327287,1.2368232447494878,False
warmstart,286,-0.827156168140177,1.2161037806057995,0.029281409640965532,-1.53340801967114,False
warmstart,287,-4.933961134559869,-3.6288080679359496,0.001898452191294234,-2.721600335220806,True
warmstart,288,-1.1464129995052226,-0.5164056365428072,22.070608987003144,1.3438143166707683,False
warmstart,289,-2.0574582770419254,1.007403659988602,0.015312091655746039,-1.814965479941735,False
warmstart,290,1.1293321476364437,-0.9390141295683027,0.0005526351239503177,-3.2575615159938107,True
warmstart,291,0.7471371002014275,-1.2912889424177874,0.019460388751023,-1.7108484882846366,False
warmstart,292,-2.424828743864619,0.228518607347049,0.01823818923563667,-1.7390182824554388,False
warmstart,293,-1.7230418125888984,-0.03472604707099137,17.31932705824315,1.2385310135145065,False
warmstart,294,4.5148700962977095,2.1981281922994276,0.004387828166261459,-2.3577503883684465,True
warmstart,295,2.093356439246101,1.521671570626917,21.719792067497615,1.3368556632570188,False
warmstart,296,2.0407893688161525,0.646881138160725,0.02159862269202605,-1.6655739421974165,False
warmstart,297,-3.1178108225655277,-5.520899544676461,0.005682285318591744,-2.245476963295415,True
warmstart,298,-1.7898334218779108,-7.140216455068821,0.007756292117352622,-2.1103458428933206,True
warmstart,299,-0.4348209975674762,-0.027219671231803043,0.0009006697794528719,-3.0454344090748764,True
warmstart,300,-2.4736614379722375,0.20108031875669177,0.003049830068106294,-2.5157243582072217,True
warmstart,301,3.5175574704939927,1.6736717421327811,0.0014766030678726718,-2.830736233598243,True
warmstart,302,-0.5738430841487245,-0.7039590675288477,0.002092642422243913,-2.6793049748688653,True
warmstart,303,-0.9495694984931796,1.2361068009344904,17.87296212449937,1.2521965350303859,False
warmstart,304,4.878498223592756,-0.12086067643885189,0.005924277431981251,-2.2273646118055677,True
warmstart,305,-4.813571512421754,2.38218990150192,0.003315714358475734,-2.4794228900279958,True
warmstart,306,2.289942612142787,1.896774328937333,0.012114418235563055,-1.9166974369248444,False
warmstart,307,-1.669048785338956,-2.118377233114176,0.006407307242110056,-2.193324450293489,True
warmstart,308,-2.4208911644589435,0.32452656974377303,22.487258471357503,1.351936511756833,False
warmstart,309,1.1170613916034073,-1.1792663021653111,0.040756736072856,-1.3898006029361116,False
warmstart,310,0.1652279651005666,1.1954399372147164,0.052188267052013175,-1.282427123957788,False
warmstart,311,0.4399833608804654,-2.3196484165186457,22.064552253232502,1.3436951189156208,False
warmstart,312,-7.271349028408508,0.8998178631227605,0.002007441214375496,-2.6973571636812346,True
warmstart,313,-0.7985381251073225,-3.27391386405498,0.06589130669680446,-1.181171879831661,False
warmstart,314,-1.8051498008544749,4.511733861737796,0.0031201372009751834,-2.505826308444268,True
warmstart,315,2.01450395662904,-2.096175247941059,17.42048486814508,1.2410602386526624,False
warmstart,316,3.2226333313581654,1.4521188111746848,0.00015620292010233038,-3.8063108515568316,True
warmstart,317,-0.9622555346707047,-2.229021209393568,0.07119419173716879,-1.147555436129873,False
warmstart,318,-0.8865436965571368,4.115491403007784,0.016712349262576566,-1.776962496841489,False
warmstart,319,2.381614604883735,-2.210969197712686,0.020179972768513806,-1.6950794241492653,False
warmstart,320,-2.1204667274683944,-0.897207948737135,0.0019465135248177092,-2.7107425743587172,True
warmstart,321,-1.1218580853404194,-2.232205452328934,0.0021124837452004817,-2.675206624104611,True
warmstart,322,-1.3977390867102883,3.10910790949763,0.030605804390678178,-1.5141962017605453,False
warmstart,323,1.3827158710420557,3.2436333712460956,0.00110350889089413,-2.957224163407895,True
warmstart,324,4.932328889893173,1.4156323815204006,0.009640212954240194,-2.0159133723388805,True
warmstart,325,-1.1186394287429928,5.168428592904751,0.004170078100126901,-2.3798558111805534,True
warmstart,326,0.596719082738357,-2.38820456011544,22.108918234447913,1.344567493537406,False
warmstart,327,0.5632993195020208,1.3423609185951955,0.011450045408726866,-1.9411927909904334,False
warmstart,328,0.9133971737085578,1.7112197792996218,0.026421943835741583,-1.5780352349394262,False
warmstart,329,0.43895111693091365,-0.03649605188680672,17.240555513739544,1.2365512552627578,False
warmstart,330,-0.11489400506099871,2.999605562862054,0.00043112632364693547,-3.3653954592486697,True
warmstart,331,-1.222411904477727,-2.689902818382131,17.69499582835676,1.2478504645874442,False
warmstart,332,0.6319960395716593,-3.698598964477183,0.021062380446230274,-1.6764925469093264,False
warmstart,333,0.7745182773931708,1.1302306906225332,0.00407004190414759,-2.3904011193628927,True
warmstart,334,6.9597914290915295,-0.8895424106497787,0.0014861728971105144,-2.8279306630565424,True
warmstart,335,-1.6792528338002644,2.404502598920964,0.0011340631983595161,-2.9453627426794236,True
warmstart,336,-1.2485441362785656,3.0320899070984524,0.015501247083524943,-1.8096333612034694,False
warmstart,337,-1.8765353174656743,4.510176710689635,0.007012679855478723,-2.154115987163192,True
warmstart,338,-0.7081681081968678,2.18587693838105,0.014192452439077945,-1.8479425524825468,False
warmstart,339,-5.2682959825861015,3.394302892534828,0.0010733848328931242,-2.9692445456591567,True
warmstart,340,5.798892364666539,1.258330164578764,0.004906067175442003,-2.3092665095898752,True
warmstart,341,-4.743795666667524,-0.6739528101184296,0.0327270716862206,-1.4850928522358413,False
warmstart,342,-3.0115655124685667,1.2572999090705475,0.010870300882858895,-1.9637584347585217,False
warmstart,343,-0.8691878775086959,-0.41780595364964673,0.009112972919109988,-2.0403399203112267,True
warmstart,344,0.3148510045500796,0.4134136344678778,0.011200760851214225,-1.9507524753422556,False
warmstart,345,-1.4957266900816997,1.2481183839048737,0.03078811714512935,-1.5116168696704873,False
warmstart,346,3.0259791732148322,-0.35366978931514603,0.000141294194243325,-3.8498756828781833,True
warmstart,347,-0.1228697763618476,-1.3957797497119733,0.03180935336470836,-1.497445159342601,False
warmstart,348,1.0722385573058824,-0.84707021592115,0.022362478303429134,-1.6504800677864744,False
warmstart,349,-1.6497045939748893,-7.44119974731315,0.0016901663252745353,-2.77207055538951,True
warmstart,350,-0.9238416348809397,-2.2467318411130277,0.022359057681440832,-1.6505465036645979,False
warmstart,351,-1.7543242945591602,0.16974050374394759,0.013528512944919961,-1.8687499384584396,False
warmstart,352,2.542593987842324,1.8467200513200734,18.212632451912107,1.2603727232090898,False
warmstart,353,1.4490080435648587,-2.5412472387666774,0.008670470475925209,-2.0619573362545216,True
warmstart,354,1.1431461521101731,-1.753066591359845,0.019031732544392114,-1.7205216741291982,False
warmstart,355,-1.4930898226489013,-2.210620953464905,0.013708108181615348,-1.8630224768644934,False
warmstart,356,-0.3433240065802541,0.27262698858039663,0.03198527157083009,-1.4950499575550706,False
warmstart,357,-0.6532909576682808,-2.280025719491119,0.00019232443063567952,-3.715965544589675,True
warmstart,358,2.7321611510051227,-0.19001438698267362,0.010414781932624483,-1.9823498189902964,False
warmstart,359,0.7136127267355082,-0.9739019489321069,0.009641011507925991,-2.015877398746008,True
warmstart,360,-2.780808289031678,2.9743024896000114,0.030972394146681684,-1.5090252226540266,False
warmstart,361,0.9968937429782007,-1.1025812447689876,0.008795682859495627,-2.055730438116849,True
warmstart,362,1.1482281817543079,-2.0084921066694066,22.128426864414394,1.34495054052516,False
warmstart,363,0.46410195812624544,-1.618354895351531,22.114460916474265,1.3446763570515838,False
warmstart,364,-0.23016937652206468,1.610297273483903,17.258204311895764,1.2369956060950116,False
warmstart,365,-3.86437770258035,0.9489309980875035,0.02177225616740314,-1.6620965645150254,False
warmstart,366,2.249806653651605,2.668553762409081,17.66681438886073,1.2471582462772879,False
warmstart,367,-2.927844594404809,-2.8858668233105855,0.8247784945774949,-0.08366267144918373,False
warmstart,368,0.8990011367860233,-2.374022424429447,0.03396623619158479,-1.468952574760459,False
warmstart,369,0.6373276349686032,-1.6057379045873275,0.024676003736334412,-1.6077251726690498,False
warmstart,370,0.835252676641998,-0.26781609789556726,0.03492374097650996,-1.4568792415290333,False
warmstart,371,-2.1693362461779393,0.6533905385083738,0.00161251928135393,-2.792495083678399,True
warmstart,372,1.7970919153525664,1.3720618109184408,0.00123338327614769,-2.9089019446124995,True
warmstart,373,1.5222957993233717,2.8913290581347333,0.011316977416233859,-1.9462695507744765,False
warmstart,374,1.0930329229618603,-2.332489831224444,0.005730714619808715,-2.2417912181568465,True
warmstart,375,0.758890096356756,-0.3105637483432884,0.01103120559816936,-1.957377021012205,False
warmstart,376,-2.1457369841446674,0.635868129537895,0.009250320769912852,-2.0338432071325667,True
warmstart,377,0.5813888728932844,-2.8425686155508045,17.22159137724605,1.2360732803594197,False
warmstart,378,-2.3826841534072756,-1.0214295038789387,0.0016985895656417508,-2.7699115480942584,True
warmstart,379,3.236631871384303,1.8403631651001346,0.003935194186410981,-2.4050338320454663,True
warmstart,380,1.207225705916913,-1.5846333276900912,0.018210540755564067,-1.7396771577926338,False
warmstart,381,-1.6332708297812157,-2.5498965915749308,17.687539098588285,1.2476674128843301,False
warmstart,382,-0.27383553115689746,0.5748124522766034,0.01361170440773755,-1.866087490628414,False
warmstart,383,2.3980542662120605,-2.6222451670363065,22.0661789658164,1.3437271361643557,False
warmstart,384,4.565323846719615,0.6751204931840876,0.0005574079204429219,-3.2538268645064314,True
warmstart,385,-1.7653148281043083,-1.6521813879104168,0.009947322961059135,-2.0022937815325967,True
warmstart,386,1.421239054042648,3.6642187603320995,0.005757188776297613,-2.2397895299403445,True
warmstart,387,0.5070880671064332,3.1322659689993047,0.020194960674276327,-1.6947569881964646,False
warmstart,388,1.4587855386890047,-0.28580706618056123,0.01955724148121719,-1.708692401796389,False
warmstart,389,-1.5075526347056079,0.3305647983291875,17.788351365702326,1.250135699294918,False
warmstart,390,0.7922997064090926,-1.3809693762493382,17.69065238811118,1.247743848926255,False
warmstart,391,0.15605162840064465,3.289910496117168,0.0005625369771562563,-3.2498489248661895,True
warmstart,392,-0.3167509302721865,-4.4738918554081915,0.0028310714291784095,-2.5480491730557073,True
warmstart,393,-0.001575801840548968,-4.846132415537481,0.002132506204658407,-2.671109696552004,True
warmstart,394,-0.4495730842878871,0.1652536337236767,0.001051251899391099,-2.978293206514528,True
warmstart,395,-0.9302770267131981,-3.531403372829845,0.0006366110770220764,-3.1961258089325613,True
warmstart,396,-0.2539094875003321,0.8171119868231789,0.009368322524017996,-2.028338166186103,True
warmstart,397,2.518484803413932,-5.36867003483709,0.0006588762389539177,-3.181196154126872,True
warmstart,398,-1.8008298824087854,-1.718155800403208,0.000503797728124337,-3.2977437952842905,True
warmstart,399,-1.4698183677582768,-1.3407671537068182,0.016320442220302822,-1.787268077736856,False
warmstart,400,-2.0743346939375082,1.8112790131964378,0.0015189233777560009,-2.818464133613887,True
