pair_index,training_type,pc1,pc2,best_loss,log10_best_loss,success
1,heisenberg_only,4.145681269610093,-1.6311025722794257,25.089711207255526,1.3994956624378803,False
2,heisenberg_only,0.9728232423760957,2.1736950503430283,28.44510847090474,1.454007594219999,False
3,heisenberg_only,-3.389389904028544,1.153527215477567,33.33135955558548,1.5228530284954098,False
4,heisenberg_only,-1.9227563823588436,-1.708029422985827,12.982217526925144,1.1133488817903128,False
5,heisenberg_only,1.2892031380316538,4.070298792324455,34.25416270785702,1.5347133563014212,False
6,heisenberg_only,1.6866940319428265,-2.8550124147784213,17.3886277213084,1.240265309628973,False
7,heisenberg_only,-0.9853846830156687,0.4374941605114712,12.959744909707275,1.1125964532786479,False
8,heisenberg_only,-2.899746129945955,1.414121619328005,36.26282015553788,1.559461576107023,False
9,heisenberg_only,1.8086159228156666,-0.5788987804085979,34.15999038174481,1.5335177397348907,False
10,heisenberg_only,1.3684973631632076,-1.9833020098745258,15.586743691159416,1.1927553939140356,False
11,heisenberg_only,0.23575409102609446,3.97718914687154,26.862927813775713,1.4291533450442213,False
12,heisenberg_only,-2.2450359883275532,0.8003500884864135,28.88580054996011,1.4606844082150579,False
13,heisenberg_only,-2.1123770763173284,4.924803818464925,28.268180922533745,1.4512978622311459,False
14,heisenberg_only,-1.885150162514873,2.5614373280673117,38.181981606674356,1.5818584640919966,False
15,heisenberg_only,-0.8170043087555933,-0.8529830866572823,28.594164989653848,1.456277418746634,False
16,heisenberg_only,1.4263312711997274,2.0499643056528116,37.72248634736024,1.5766003100290233,False
17,heisenberg_only,0.7357806214659046,2.501902982856297,20.082315094208397,1.3028137769333554,False
18,heisenberg_only,1.7748825545730558,-1.155152446639118,32.31340089992443,1.5093826687679754,False
19,heisenberg_only,-0.29423810295623476,4.493836189797663,28.816596088927476,1.4596426792155464,False
20,heisenberg_only,5.022436434054628,-0.40215138319843385,28.035131152766,1.4477025921373607,False
21,heisenberg_only,-1.7928491917825071,2.4005911451785895,8.588245912197756,0.9339044713465928,False
22,heisenberg_only,-1.8676250022676848,6.164057080712686,32.07092388759478,1.5061114711072643,False
23,heisenberg_only,-0.299414567451407,4.237755235041312,36.02636336387767,1.5566204250226032,False
24,heisenberg_only,2.0227551123975775,4.742356539986331,34.22669615501566,1.5343649794506158,False
25,heisenberg_only,1.0163410711060927,0.8315316222145621,38.526177919060856,1.5857559259349805,False
26,heisenberg_only,-0.30928733280406073,-2.2207732707780092,33.05153097605028,1.5191915811908292,False
27,heisenberg_only,3.7452761152825045,6.187700180021847,28.072444352129118,1.4482802296071209,False
28,heisenberg_only,-1.3999978940712061,2.654081517606319,38.37695159828624,1.5840704743957412,False
29,heisenberg_only,0.85775702973326,-2.162444715515732,40.586511336509794,1.6083817226053465,False
30,heisenberg_only,0.21537886860829694,-0.5415854503223215,0.30343055757093607,-0.5179406848671025,False
31,heisenberg_only,0.5069905122392936,-2.849560449657575,32.21362830693005,1.508039643321224,False
32,heisenberg_only,-1.1688261980425507,0.90063429911232,8.56579503083205,0.9327676780405146,False
33,heisenberg_only,2.466318718971176,2.508588610909849,38.12483649285642,1.5812079897869082,False
34,heisenberg_only,-0.7583738746238472,0.9789654729392335,26.29333220099229,1.419845628510292,False
35,heisenberg_only,-0.9337680685899469,0.4343312374714148,23.486904412146515,1.3708257802805746,False
36,heisenberg_only,-4.603883039956417,-1.405396088088199,0.01298865630695953,-1.8864357749205627,False
37,heisenberg_only,-1.6445640047562267,1.2974331493171036,33.43464538937476,1.524196721397009,False
38,heisenberg_only,3.0164254665024877,2.139093104282841,15.859597843896802,1.200292170598808,False
39,heisenberg_only,-2.4109832306277696,1.9103913606569876,34.14521892229503,1.5333299015452688,False
40,heisenberg_only,0.7786473425509237,3.3831466054927075,34.67097721458396,1.5399660825828596,False
41,heisenberg_only,-1.2695149107143382,-5.187389125140031,14.151809548324536,1.1508119753095045,False
42,heisenberg_only,-0.013950626718441326,1.3189032070894138,31.411994131126107,1.49709550763869,False
43,heisenberg_only,2.3562573702126604,-1.0610873398527643,21.689610933467314,1.3362517617438516,False
44,heisenberg_only,-2.980547208124778,-2.214445934078492,37.51005775580941,1.5741477328526694,False
45,heisenberg_only,-1.8645818126830498,1.9864736306348518,20.375822918241237,1.3091151576149196,False
46,heisenberg_only,2.5702234299501923,-0.2888898731361663,17.64382772679206,1.2465928087034654,False
47,heisenberg_only,1.1461320071575274,3.1387004282531596,34.54055134150904,1.5383292655610283,False
48,heisenberg_only,-1.9511269896951775,3.004136587710094,27.343278610691275,1.4368505876700775,False
49,heisenberg_only,-0.31174378468445296,0.24867153924250518,8.191001203924397,0.9133369897658162,False
50,heisenberg_only,-1.2251212090502848,1.8935499657144461,19.79540024519912,1.2965642872210392,False
51,heisenberg_only,-0.8333392342215483,1.2434226531456412,37.027277555344334,1.5685217815564294,False
52,heisenberg_only,-1.9606423850014534,6.897410824783813,0.0024603321503089016,-2.6090062582182574,True
53,heisenberg_only,5.998853611293168,1.7046024427292332,32.890681851320466,1.5170728768635147,False
54,heisenberg_only,0.9184194873761373,-0.7703440614803092,17.71188282137767,1.2482647303301866,False
55,heisenberg_only,-0.7590055129290311,2.1939508764551157,25.502678936955725,1.4065858034311216,False
56,heisenberg_only,2.5082670542909695,-2.8774129404306024,20.546394551846372,1.3127356236031242,False
57,heisenberg_only,2.257546493073701,0.8256869004732276,37.12216740574952,1.56963332489805,False
58,heisenberg_only,-0.1850405848974845,2.3408121594473714,38.90968669874867,1.5900577338735853,False
59,heisenberg_only,-1.5708590434161218,0.4164837729839788,24.198052086362466,1.383780407212134,False
60,heisenberg_only,-1.9259003459720379,0.07245043400919365,36.26745067425888,1.5595170290567668,False
61,heisenberg_only,0.9871344346706831,-0.005967070680672134,25.247950639239974,1.4022261324669587,False
62,heisenberg_only,0.6212827945345533,0.6904337784978306,17.551251206100545,1.2443080821998984,False
63,heisenberg_only,1.7170219231316577,-2.5124583982103523,24.1518716517973,1.3829507920875692,False
64,heisenberg_only,1.3871012487811827,-2.4563981870338343,14.907107894965131,1.1733933948219004,False
65,heisenberg_only,2.0131422911255066,3.9949201384915183,31.020885194955923,1.4916541864434048,False
66,heisenberg_only,5.216057500584743,5.039275647576269,40.673285901391516,1.6093092594760618,False
67,heisenberg_only,2.940332061152957,1.4968098789925897,37.23219522577972,1.570918643157324,False
68,heisenberg_only,1.1133181029515955,0.3742527999890433,30.763925315102586,1.4880417483571586,False
69,heisenberg_only,0.8593372861258548,0.5767385030888976,37.669571657618484,1.5759906818493967,False
70,heisenberg_only,-2.611077217474134,-2.0353719562997883,37.921917135839024,1.5788902849020408,False
71,heisenberg_only,3.588827499453281,-0.7149798573039375,13.564007330183115,1.1323880158050474,False
72,heisenberg_only,-3.323489152102291,-1.0469107330680176,29.62276870079593,1.4716256475438378,False
73,heisenberg_only,-2.6724425771059344,5.027325065577355,20.450530188245892,1.310704571748973,False
74,heisenberg_only,-1.5844304884111124,-1.5554782380164829,19.987122571960093,1.3007502758055638,False
75,heisenberg_only,-1.9973431139449656,1.612208773817691,24.429072920719335,1.387906985882337,False
76,heisenberg_only,2.692509457237947,3.0227145037990195,28.466641878562193,1.4543362377957474,False
77,heisenberg_only,-1.270526550001297,0.7752107498309851,31.515956913160608,1.4985304980647158,False
78,heisenberg_only,2.232219030741803,0.2681815483402961,29.15091720726958,1.4646522239934616,False
79,heisenberg_only,3.1009930031801014,-1.286320073233379,28.453084829679298,1.4541293586706157,False
80,heisenberg_only,-3.253908514751744,1.6655397313270899,35.241088830475306,1.5470493181782052,False
81,heisenberg_only,2.4428454526436187,4.139189629625294,36.94897047184984,1.5676023419291216,False
82,heisenberg_only,1.60112081876844,0.8486190764149845,27.148985245175403,1.43375360148815,False
83,heisenberg_only,-4.239073814772254,1.5469992374745338,17.732195186102487,1.248762503124743,False
84,heisenberg_only,0.25726365005293006,0.17444052488239883,8.444988057776275,0.9265990397630923,False
85,heisenberg_only,0.7568124895465245,0.7660765913190116,8.595087250018445,0.934250289633802,False
86,heisenberg_only,-1.1703199371607638,1.7060087960105954,17.39207655244157,1.2403514383239684,False
87,heisenberg_only,-4.965398444131285,-0.12956126552932548,33.75232408791976,1.5283036824650627,False
88,heisenberg_only,3.0614271122862133,-1.9843193868064626,18.418779605526705,1.2652608512601855,False
89,heisenberg_only,2.6905595078354585,-1.5021889854042434,30.798920614419398,1.4885354963895439,False
90,heisenberg_only,-0.24599238455978734,-0.3746916890135919,20.01760467698562,1.3014121082179675,False
91,heisenberg_only,-2.6162049246089367,0.521699851740151,32.04858845285084,1.5058089062218345,False
92,heisenberg_only,2.7053677616664107,-2.6985138518537894,17.402668216710595,1.2406158404064558,False
93,heisenberg_only,1.943754002973859,-1.341536418872772,19.87120967579147,1.298224305938707,False
94,heisenberg_only,-1.903834571532769,-1.917229896008502,24.020677243420856,1.3805852478185219,False
95,heisenberg_only,-3.3450166338217966,-0.7736021624869591,40.0505709209386,1.6026087113327654,False
96,heisenberg_only,-1.0550460263012478,-0.5571686728127406,15.573215215599419,1.1923782854158498,False
97,heisenberg_only,0.7301839116650842,2.889030675044259,0.0035179954353368225,-2.453704728383195,True
98,heisenberg_only,5.21686607849935,5.81139862229004,36.90480876324545,1.567082959201715,False
99,heisenberg_only,-3.7147522752498405,-0.3522612667201484,14.805185741740015,1.1704138602972014,False
100,heisenberg_only,-2.5016926827359804,1.890521756932995,31.16166641190781,1.4936206741014582,False
101,heisenberg_only,-4.086434579151341,2.530627294347393,29.338543397415506,1.4674385481518424,False
102,heisenberg_only,-3.0529195549822075,1.2102990202052435,17.2880524007247,1.2377460702397787,False
103,heisenberg_only,-2.7270291760813055,-2.046952179501074,17.70106934298546,1.2479995034086873,False
104,heisenberg_only,5.908586612374338,3.2228352156935616,27.78336033637089,1.4437847715414645,False
105,heisenberg_only,0.8238634955177663,-2.146605886778007,26.590646675475153,1.4247288993539573,False
106,heisenberg_only,5.807325884497501,-0.0044181745477440085,0.0020935514288950917,-2.6791163660309265,True
107,heisenberg_only,-1.889390120931383,1.927282439437001,39.07095949632256,1.5918540766673641,False
108,heisenberg_only,-4.3977359215743155,-0.9631492437774393,32.816650241027034,1.5160942483781483,False
109,heisenberg_only,3.2873884393488626,0.3024009243461288,40.13623016425342,1.6035365785214535,False
110,heisenberg_only,1.4105625033849778,3.667463481030758,39.39175641753629,1.595405345760591,False
111,heisenberg_only,-0.4925583772345319,4.0403195580387425,30.452156313692402,1.4836180504001333,False
112,heisenberg_only,-4.512323681102248,2.6932314152992527,22.292884223981677,1.348166260563068,False
113,heisenberg_only,-1.076202259952247,2.940046196107771,38.45487320723069,1.5849513837447993,False
114,heisenberg_only,0.8871674541844392,0.28584650867294764,1.4656912747512596,0.166042502507253,False
115,heisenberg_only,2.0516142915626627,1.8607310440628102,24.612267243539044,1.3911516220735654,False
116,heisenberg_only,-2.7298879364267084,5.148237421518812,33.19697940798077,1.5210985690616945,False
117,heisenberg_only,-1.5027436161326477,-3.416116551874956,17.134365997765915,1.2338680393894155,False
118,heisenberg_only,-5.428054120056368,-1.5541244331437487,22.145885459884962,1.3452930493827615,False
119,heisenberg_only,-4.837715907778709,2.6296665676677637,26.32948772871056,1.4204424094760455,False
120,heisenberg_only,0.7928596979482171,-0.02047464915266962,22.671162724122034,1.3554737941327382,False
121,heisenberg_only,-0.4952618454509517,3.10833979365916,36.8717449711949,1.566693691265688,False
122,heisenberg_only,0.18388697047929622,3.5141468688196267,23.708260740240256,1.3748996949051306,False
123,heisenberg_only,-1.6283223606415909,3.2606116107499594,38.26697684545151,1.5828241535963525,False
124,heisenberg_only,3.121623386326248,4.172612330575627,35.62936037212274,1.5518080258494438,False
125,heisenberg_only,-2.056337071436312,-3.6835432900680574,28.734117455788713,1.4583978626854095,False
126,heisenberg_only,2.4375145600824917,2.4165786848356996,39.34953724749923,1.5949396294005653,False
127,heisenberg_only,0.04438122354203589,1.2576681423751153,14.924018022202148,1.1738857648219019,False
128,heisenberg_only,-0.08770566640317273,-0.5790450258953572,25.53726116219716,1.4071743179106992,False
129,heisenberg_only,1.745999905747856,1.7831100071718549,39.783803692825174,1.5997063032688819,False
130,heisenberg_only,2.4611629344553143,-3.2437545890976573,28.733768787005047,1.4583925927881274,False
131,heisenberg_only,-1.3009858961451177,4.077769049153647,31.806765010804252,1.5025195003113643,False
132,heisenberg_only,6.690400332953745,5.1509337356956,23.223768682654416,1.365932697111119,False
133,heisenberg_only,3.1879136423499417,2.587016306581332,24.808776884916035,1.3946053533400922,False
134,heisenberg_only,2.4449100122164555,1.2346290812498506,32.240914451497275,1.5084073512350105,False
135,heisenberg_only,1.5807406514567452,1.231409663100214,38.621108251262356,1.5868247319110627,False
136,heisenberg_only,-3.719940159344219,2.3417165463226017,0.019710315106493747,-1.7053064326501588,False
137,heisenberg_only,-2.387038404096376,-0.09229505541061638,20.727760299299387,1.316552377723161,False
138,heisenberg_only,0.9584998533805447,1.0095893289496367,38.42028720582666,1.584560607049347,False
139,heisenberg_only,2.48410194058528,0.5277631352603156,21.732388591619262,1.3371074619464036,False
140,heisenberg_only,-0.26775696205121813,2.1588863581813977,30.20360678611661,1.4800588076517625,False
141,heisenberg_only,2.8072189287276563,-2.0921794483773652,0.0037614851966364803,-2.4246406430118124,True
142,heisenberg_only,-3.9893211501784056,-1.1094711809835958,0.01554932020097623,-1.8082885930949162,False
143,heisenberg_only,-0.04962785087052639,-3.728088721080798,38.09445038874349,1.5808617121298525,False
144,heisenberg_only,1.8775591272179841,2.7657565288874424,22.01148714212273,1.3426493853883987,False
145,heisenberg_only,-1.8546018579219974,-2.388551899465979,25.010225961847024,1.3981176155025925,False
146,heisenberg_only,0.93409106594537,3.5452569401661225,20.380668710635724,1.3092184295513982,False
147,heisenberg_only,-0.8374339263368477,-4.022149720664834,27.349372576403674,1.4369473676079783,False
148,heisenberg_only,-1.6269134713816484,4.5668351154815054,37.67702341548744,1.576076585063215,False
149,heisenberg_only,1.366493388341895,-0.16644211166281125,28.478894975395992,1.4545231340027993,False
150,heisenberg_only,0.40309108022090323,0.3790639452421013,24.505876301463367,1.3892702369888452,False
151,heisenberg_only,3.785268057671909,0.8405900462858339,23.295613928604073,1.3672741602571608,False
152,heisenberg_only,-1.9480573291886267,2.2746040090426978,27.490385988015518,1.4391808377441002,False
153,heisenberg_only,0.7476606522587432,0.8992167361970347,26.127664791279205,1.417100595583362,False
154,heisenberg_only,-0.9069310896117766,-2.1599103334982526,21.694848555373355,1.3363566228083867,False
155,heisenberg_only,-1.6984140259517626,-2.2754316049607546,17.327960741977584,1.2387474553499305,False
156,heisenberg_only,3.3887242401612707,2.464029370361657,33.383676700754314,1.5235341658637807,False
157,heisenberg_only,5.666909528156301,-0.3167876987334976,33.538069014537314,1.5255380540818537,False
158,heisenberg_only,-1.3853010630227407,5.592505878119721,39.14941820894975,1.5927253124854013,False
159,heisenberg_only,-0.982309425663338,6.347978046531511,26.82279549394488,1.4285040384047185,False
160,heisenberg_only,1.799674696804109,1.579403686600091,34.92781486532328,1.5431714163958246,False
161,heisenberg_only,-2.983470401757758,-0.3276984912171805,32.33219219777952,1.5096351517851483,False
162,heisenberg_only,-5.547433131760084,3.629095482358217,29.26112204707188,1.4662909755660745,False
163,heisenberg_only,2.3903773275754365,-4.790423490283,8.792797502820255,0.9441270715181093,False
164,heisenberg_only,0.8257613983192839,4.717134733487441,25.03960904148041,1.398627543689621,False
165,heisenberg_only,0.9683690065319013,-0.9317961191307907,37.24894117111578,1.5711139321157928,False
166,heisenberg_only,-4.125868634893242,1.2667147847381512,29.475323074079313,1.4694585740222899,False
167,heisenberg_only,3.256498718716007,-3.665738617524818,31.619635846257218,1.4999568639873435,False
168,heisenberg_only,-2.8905361527185742,1.3971816768294811,28.99094356190068,1.4622623504725607,False
169,heisenberg_only,5.989757376476389,-4.200207037760488,15.39358860142123,1.187339875719623,False
170,heisenberg_only,0.2308029280708169,4.518846435472225,33.48371841479089,1.5248336810223584,False
171,heisenberg_only,-2.4975283596492286,-3.4103870981876354,20.930104626182214,1.3207713993114543,False
172,heisenberg_only,2.4751983572746115,-1.6095384719295012,0.01637996837314583,-1.78568694112148,False
173,heisenberg_only,-1.5570882617104462,2.9268585497172213,28.260487603111336,1.4511796508428205,False
174,heisenberg_only,-2.9587878307392663,-0.40927981485037335,10.002057316086264,1.0000893389127754,False
175,heisenberg_only,-3.4921935600063603,-3.3115467601735977,33.44100692947829,1.5242793458403123,False
176,heisenberg_only,1.4055382220072965,-0.1406224604958012,27.660694278594356,1.441863076625726,False
177,heisenberg_only,6.074818350831669,2.0895897544712447,35.20645523645237,1.546622300311688,False
178,heisenberg_only,3.8361208568266445,2.2079683214583734,29.98562509728028,1.4769131068162789,False
179,heisenberg_only,0.462481673761687,2.8662323420878346,17.742011766997674,1.2490028629460854,False
180,heisenberg_only,1.7985402498005016,2.5766968801167174,37.465490181072326,1.5736314190785803,False
181,heisenberg_only,-5.04332870493584,1.6212288745213372,36.31905186120858,1.5601345023815376,False
182,heisenberg_only,3.0915189794374096,0.7798140482086626,0.05011569350278011,-1.3000262554818498,False
183,heisenberg_only,5.0097713164011655,2.4169782990408333,27.353343406296354,1.4370104178417011,False
184,heisenberg_only,0.7792542000459026,-1.0545265044548495,13.464135134325405,1.1291784618356613,False
185,heisenberg_only,3.1307135517112545,1.1547122119592155,31.52343865645026,1.4986335853424921,False
186,heisenberg_only,0.04596956812449844,0.5677851014528671,30.06703547368416,1.478090609979826,False
187,heisenberg_only,2.5747521467803605,3.2244302033272385,30.11046113041269,1.4787174066207023,False
188,heisenberg_only,-1.1855091886029492,-0.990206548291936,23.606513425480593,1.3730318484980728,False
189,heisenberg_only,-2.6714198615619256,-0.34973062387579856,8.93511390528042,0.9511000932848004,False
190,heisenberg_only,-1.1417592180268523,-0.8462128386073016,17.938501139516397,1.2537861525301741,False
191,heisenberg_only,0.8508479240030291,0.64207875688116,24.302311021952136,1.3856475746830146,False
192,heisenberg_only,4.709330718222242,0.045616299804063024,0.003907562636847796,-2.4080940516659517,True
193,heisenberg_only,1.0134343953720122,3.60140973348629,40.15466420533747,1.6037359984563169,False
194,heisenberg_only,-2.7128765686869505,5.350277737551539,38.948831424964666,1.590494432142017,False
195,heisenberg_only,0.4533140559528498,2.4449648675569393,35.139552144972306,1.5457962220936337,False
196,heisenberg_only,1.6354377351594764,-0.014166851995462451,28.004301225520322,1.4472247404510445,False
197,heisenberg_only,-2.2598329155511165,-1.601066928363614,31.224338452232193,1.4944932457783229,False
198,heisenberg_only,2.220795790668084,1.776627261410859,33.54996029232855,1.5256920105010525,False
199,heisenberg_only,-0.6652887761951377,1.9939704517916832,32.087688197891346,1.5063384288728314,False
200,heisenberg_only,2.600295573807376,-0.7169239195895143,37.95785467511718,1.5793016587318813,False
201,heisenberg_only,1.6053514504546653,0.11739211481570667,0.004565906301001248,-2.3404730051050158,True
202,heisenberg_only,-1.8766097361988074,-1.4167954851273796,29.728545801524294,1.4731736658204855,False
203,heisenberg_only,-5.358245531196651,0.19622536970867693,28.476172569385554,1.454481616155145,False
204,heisenberg_only,0.7004741195632499,-0.9473144928915552,21.28065528156849,1.327984996780328,False
205,heisenberg_only,3.181053989361125,0.9298805671650028,29.045250312279265,1.4630751235828865,False
206,heisenberg_only,1.8435729154828369,0.34274768344816,23.314088997928486,1.3676184499898472,False
207,heisenberg_only,-1.8615525030018192,-5.279816036761381,21.19840185038411,1.3263031206588602,False
208,heisenberg_only,0.08455241044073027,1.5306235362096707,17.753158331322766,1.2492756263403324,False
209,heisenberg_only,-2.8849230995724295,-2.154903052767682,21.811591696132865,1.3386873592799522,False
210,heisenberg_only,2.304224081990728,-2.1270953451965156,26.285421469239477,1.4197149450332538,False
211,heisenberg_only,-2.8427526184223635,-3.579408883952258,0.022498296316736558,-1.6478503675888148,False
212,heisenberg_only,2.769931124788228,0.10660798339141236,20.5768951272424,1.313379844146843,False
213,heisenberg_only,-4.296529243433561,-0.6256761204050778,31.237046206332195,1.4946699600022975,False
214,heisenberg_only,-6.027438317338278,0.27908007684692737,1.808353766281798,0.2572833950082593,False
215,heisenberg_only,-1.5395799354385522,2.007166577297469,34.45893079799228,1.5373017979020303,False
216,heisenberg_only,0.5641980831314374,6.40181223695091,35.38147580293838,1.5487759438847641,False
217,heisenberg_only,-0.5053619649979698,-1.3590188541078958,37.85347100749022,1.5781057086784838,False
218,heisenberg_only,-0.554027467122319,0.9041308303438682,33.00899220612099,1.518632265136072,False
219,heisenberg_only,-1.1201720272736346,-4.184867917508857,24.917260806138653,1.3965002979323697,False
220,heisenberg_only,0.3797934317656107,0.29283089125201006,36.07628300139737,1.5572217851021644,False
221,heisenberg_only,1.9372259875034452,-2.8010474975605466,31.785405450139777,1.502227755600842,False
222,heisenberg_only,5.850803351719326,-2.4331682653438316,0.02028942531168125,-1.6927302539770182,False
223,heisenberg_only,0.43072689465922637,0.0987882796130957,19.320321202188058,1.2860143423267971,False
224,heisenberg_only,1.146959280935146,-0.26299754605630987,32.4946682520767,1.5118121074816429,False
225,heisenberg_only,2.420773466017995,4.996956609996986,37.148576952086344,1.5699421819271864,False
226,heisenberg_only,-4.500324849230922,1.517914365980377,24.772330107794534,1.3939668586392608,False
227,heisenberg_only,-1.8935498660153816,-5.611848294645655,15.311865125845266,1.1850280949782797,False
228,heisenberg_only,-0.37195741691753254,-5.121405281002656,38.87272282052221,1.5896449616375186,False
229,heisenberg_only,-0.22167694342227545,1.8475126690128416,29.220971064654833,1.4656946442133945,False
230,heisenberg_only,-1.5280758176312657,3.2908117484979966,36.097249532196734,1.557474111642582,False
231,heisenberg_only,0.15433684211171272,1.0835943973273716,33.4479792723878,1.524369885411457,False
232,heisenberg_only,2.0728238480315553,-0.11258393877685556,33.49946927567218,1.5250379266645235,False
233,heisenberg_only,2.962169753197875,1.5557649088161671,39.26791521299096,1.5940378445979377,False
234,heisenberg_only,-4.372321994798438,0.22328623530760736,34.31746183039539,1.5355151593102123,False
235,heisenberg_only,-0.8986101559393674,2.9176470247586117,8.630278674218244,0.936024819437251,False
236,heisenberg_only,-0.9481102995466615,3.6603838116504583,32.560575083888544,1.512692066780856,False
237,heisenberg_only,0.8875636930380323,3.694645048640297,23.06673142013264,1.3629860589003966,False
238,heisenberg_only,0.5913256518054723,0.8359008054243675,0.04091745226629996,-1.388091415554544,False
239,heisenberg_only,-1.2650122837968725,-2.381240878432292,17.536620294414583,1.2439458986699798,False
240,heisenberg_only,-0.496880170792541,0.6068783058192911,15.605410171574718,1.1932751881189718,False
241,heisenberg_only,1.4463070250369567,1.4893090763887396,39.44473751507239,1.595989070394229,False
242,heisenberg_only,2.0130164279830343,2.1443079091734965,21.195742161951713,1.3262486278491483,False
243,heisenberg_only,0.406185693989693,0.5928353795695118,34.517435143699416,1.5380385175089284,False
244,heisenberg_only,-0.5743709263059807,-0.009420559189686645,0.0025154454449629643,-2.5993850972245256,True
245,heisenberg_only,0.23232442865057096,1.184782660330105,37.94389382678791,1.579141896418624,False
246,heisenberg_only,1.346896684707021,3.552082364028739,29.042019397465047,1.463026811156299,False
247,heisenberg_only,2.508458528274443,-3.0769177944625232,17.175868286699938,1.2349187010498308,False
248,heisenberg_only,0.9065619073158319,3.198026713244112,23.916590850560404,1.3786992739657218,False
249,heisenberg_only,5.177900484421652,-3.4336989632226156,17.893900545679486,1.2527050192047429,False
250,heisenberg_only,-3.383094918091327,-0.8754374292888659,26.077151001195617,1.4162601418126952,False
251,heisenberg_only,-1.6336833769000083,-2.119067314412358,0.024904135175374723,-1.6037285350431765,False
252,heisenberg_only,-0.10140475306252926,-0.9193946718696466,0.007697191517232315,-2.1136677074326706,True
253,heisenberg_only,-0.9980461147069202,2.9635182836651244,24.85903045595466,1.3954841864198688,False
254,heisenberg_only,-4.0714490541925885,0.08230467984633996,23.72854100547302,1.3752710356150688,False
255,heisenberg_only,-5.211254553933244,2.082108910176354,10.31133653730301,1.0133149614188632,False
256,heisenberg_only,-2.303360264779275,2.641098412199915,39.25785830107457,1.593926603124503,False
257,heisenberg_only,1.7523982638392634,0.42520909792076106,20.21850350760655,1.3057490077119425,False
258,heisenberg_only,3.5799660041861423,-1.8427705746548282,0.04957111784053167,-1.3047712875402646,False
259,heisenberg_only,-2.587147819818736,0.0011989872901118468,17.54256302037409,1.2440930453748051,False
260,heisenberg_only,0.7633541509276337,4.629241914259336,23.707470249306745,1.3748852142320171,False
261,heisenberg_only,0.2622585284003947,-2.7939278615052228,8.456494545997762,0.9271903731070209,False
262,heisenberg_only,0.29587502083688344,-1.1543816408662309,37.1348607748864,1.5697818000083976,False
263,heisenberg_only,0.6489324218660866,0.6103929975072843,29.373929166140925,1.4679620432555265,False
264,heisenberg_only,1.531899660121774,1.2882090049004435,33.310188578618025,1.52257709136489,False
265,heisenberg_only,2.5606333316086225,2.309177161345047,20.55275210732853,1.3128699841196194,False
266,heisenberg_only,-0.36798006715796916,5.614663226237396,37.49534981438117,1.573977409722878,False
267,heisenberg_only,-0.5553706203880473,-0.1745659049529318,25.418714346621734,1.4051535805890345,False
268,heisenberg_only,-0.7511538870114874,5.2708871193604105,38.615468547621376,1.5867613087953134,False
269,heisenberg_only,-2.744526210476096,-0.8162066093919333,24.624238168072985,1.3913628030470058,False
270,heisenberg_only,-2.5709716831481426,6.468555807206821,32.18650703073211,1.5076738483976724,False
271,heisenberg_only,-0.7025747288942947,4.54106082404116,30.116706442985723,1.4788074757674754,False
272,heisenberg_only,0.7734239009279165,0.7547111601219122,19.866693530999243,1.298125592286858,False
273,heisenberg_only,3.2336227802570967,3.6601227928912135,16.837213456438676,1.2262702177676312,False
274,heisenberg_only,-2.677017465719984,-0.08097651054069017,7.935574184655813,0.8995783559435309,False
275,heisenberg_only,-1.6946477157093034,2.5082315953913668,38.63612545296449,1.5869935675683158,False
276,heisenberg_only,2.0486728586615985,1.0424478648364288,29.91647298156311,1.475910390832288,False
277,heisenberg_only,-2.2591285501010354,-4.327993528244001,0.009181899369636419,-2.03706747125755,True
278,heisenberg_only,-0.4044964662418647,-3.205189101359558,25.350098371032075,1.4039796489519394,False
279,heisenberg_only,4.649358800008071,2.8753846293734475,24.369872517670075,1.386853257333381,False
280,heisenberg_only,0.2849048566304706,2.1096765322817927,0.05815171684562187,-1.2354374588276544,False
281,heisenberg_only,1.966693306748308,-0.7255184816961883,22.90343465391559,1.3599006150644033,False
282,heisenberg_only,2.326724357218197,3.705024440496293,17.31728415652153,1.2384797832749026,False
283,heisenberg_only,-1.490047960960062,5.642546430225548,34.68083159084803,1.5400895026157788,False
284,heisenberg_only,1.00441333919991,2.5551147807522376,39.87563504463239,1.600707612533789,False
285,heisenberg_only,-0.5142833861281276,-1.257079197722753,36.62667896170771,1.5637975418151993,False
286,heisenberg_only,1.3045545285727087,2.7974677851683087,25.774790724383035,1.4111951477629405,False
287,heisenberg_only,2.608227657726833,0.1889762503532354,23.993323018727114,1.380090400896305,False
288,heisenberg_only,-3.9118480406523064,0.804923082368043,18.614662503121714,1.2698551665624354,False
289,heisenberg_only,-0.22649326565679886,4.30282928318884,32.296972580072065,1.5091618147958252,False
290,heisenberg_only,3.6995199777995524,3.6366594069513383,37.75462888674433,1.5769702056798953,False
291,heisenberg_only,-1.9951785425779727,-0.7086258500544592,0.992781352745638,-0.00314638871694855,False
292,heisenberg_only,1.1840047959976174,-2.228257010961013,8.645120291281447,0.9367710405800161,False
293,heisenberg_only,-0.40321289425295,-0.38107735646143553,0.3857317018627343,-0.413714666609022,False
294,heisenberg_only,-0.9308257677742491,0.7378899822893267,37.78877642371532,1.577362829968573,False
295,heisenberg_only,-1.6543493315080313,-2.728066183889184,0.10488215535984782,-0.9792983963440001,False
296,heisenberg_only,1.176481020525588,1.772624046006342,27.14869332860079,1.4337489317578462,False
297,heisenberg_only,3.674571789625821,2.7167282755725406,0.004042634902850965,-2.39333547875954,True
298,heisenberg_only,-2.49271544534498,-0.32841720019207304,11.68774519038988,1.0677307347867895,False
299,heisenberg_only,0.34433626603358775,1.3554624703303684,38.7830309908548,1.5886417472688306,False
300,heisenberg_only,0.8757403185331287,-0.1492320245802805,0.012485120495511667,-1.9036072618602278,False
301,heisenberg_only,-3.92057086405079,4.537407166310629,31.262474188693744,1.4950233461711857,False
302,heisenberg_only,-0.5216475887638072,-0.07556612921855786,28.243193173293,1.4509137964570846,False
303,heisenberg_only,-4.0406180729010845,0.7876456488606562,26.474842574618656,1.4228333863743217,False
304,heisenberg_only,-1.4087892639065966,2.4227451440260515,40.51548635041529,1.6076210565723652,False
305,heisenberg_only,-4.272736031221501,-1.7783138391590312,6.23773682146611,0.7950270473374184,False
306,heisenberg_only,-3.4355679588995094,0.6113133585043402,31.080455550069868,1.492487375683306,False
307,heisenberg_only,-1.1080881063190247,2.3758868078499575,40.277097203026074,1.6050581631195302,False
308,heisenberg_only,-0.8502066226832974,3.9637816820224723,24.72486143091519,1.393133866297224,False
309,heisenberg_only,2.099017342906882,1.6551730376690095,20.077276536423422,1.3027048008324842,False
310,heisenberg_only,3.97507235339129,-2.073377597985775,20.276391122379707,1.3069906599755583,False
311,heisenberg_only,-1.3790284084985396,4.596909973043382,38.77277043645382,1.5885268338232443,False
312,heisenberg_only,1.286554553596356,-2.3237245248903275,28.733994197613224,1.4583959997271905,False
313,heisenberg_only,1.2625102816953213,-1.4790288206691287,0.030599714688840787,-1.5142826228530517,False
314,heisenberg_only,1.8632579187597578,1.5729156326425677,34.77166772127045,1.5412255208464967,False
315,heisenberg_only,-3.1282876614861745,1.5891581253844194,38.97757643978484,1.5908148319198818,False
316,heisenberg_only,-0.6747223599381493,-0.5776663008812445,31.496337603409195,1.498260056929236,False
317,heisenberg_only,-1.2232641249690768,-1.0549693300343723,20.25143029765715,1.3064557015479104,False
318,heisenberg_only,-1.5159583601796849,5.712039908290252,37.830157511927126,1.5778381495512261,False
319,heisenberg_only,-3.3522009758747413,3.501619317428187,38.79406636491558,1.588765304407626,False
320,heisenberg_only,-2.710790592517998,2.052947870939833,36.49628219900552,1.5622486260265307,False
321,heisenberg_only,2.382233201291513,-2.0812455511770973,17.577391181981564,1.2449544179877803,False
322,heisenberg_only,-1.7191914347482706,2.2384156438866514,27.329142664217848,1.4366260077614679,False
323,heisenberg_only,-0.9585489461158386,-0.5773175960011144,21.5025124281839,1.332489207355049,False
324,heisenberg_only,-2.9334277285656323,2.824253120322349,38.93044550225437,1.590289373614481,False
325,heisenberg_only,0.29725058986169356,1.6303676974935069,17.168667961039894,1.2347366015318566,False
326,heisenberg_only,0.7417004329067169,1.1594160053614788,16.19628926617195,1.209415524677039,False
327,heisenberg_only,3.4591223038426713,5.3109822681588525,29.75606325184428,1.473575473208066,False
328,heisenberg_only,-2.735193601125163,-0.2596447913384206,26.182766208866624,1.4180155278443423,False
329,heisenberg_only,-6.062550170694564,2.168834144400876,13.166850784089027,1.1194819138653918,False
330,heisenberg_only,2.2915581884802343,3.152980589345451,20.065028163656244,1.3024397736543036,False
331,heisenberg_only,-0.19399982877183075,-0.9926487910958656,29.29337467433682,1.4667694064381305,False
332,heisenberg_only,-3.6116722644990973,-7.258608087933004,0.03453451458914186,-1.4617466439792097,False
333,heisenberg_only,-6.512816750744379,1.1625325977569285,25.58760473158461,1.4080296332672868,False
334,heisenberg_only,-2.4705257091330806,2.1702749883953754,25.38086527491959,1.4045064238153167,False
335,heisenberg_only,-3.433373882494936,-0.548751586445357,21.345971346062754,1.3293159221119404,False
336,heisenberg_only,2.183697261009869,0.4871082645231782,23.386249076591113,1.368960570848498,False
337,heisenberg_only,-1.1347450605419258,1.2619220662289474,34.397737011617764,1.5365298717664408,False
338,heisenberg_only,1.5834415308643073,2.6104953277876115,24.22676656397578,1.3842954547017219,False
339,heisenberg_only,1.3918453642485693,3.188602978106459,29.335861462994913,1.4673988460253948,False
340,heisenberg_only,-1.3204033848888288,2.4203646662377953,36.16970808937579,1.558345003766185,False
341,heisenberg_only,0.6394385654139334,3.767372692402893,32.63382755465407,1.5136680142836942,False
342,heisenberg_only,1.5531334708986921,-2.541014062882803,0.013331844752355416,-1.8751097522863303,False
343,heisenberg_only,-3.5169450670780074,-1.8559908542638528,0.0017766646695577698,-2.7503945338734996,True
344,heisenberg_only,4.307340769329965,-1.9046563135839982,13.29181498167387,1.1235842873917075,False
345,heisenberg_only,1.7779389951601663,-0.33053616379207273,17.3690997245497,1.2397773086720356,False
346,heisenberg_only,3.8300008991617265,1.5562648396598557,31.989824478895997,1.5050118572127082,False
347,heisenberg_only,0.4950345006689785,3.8440542791622634,34.03253644292721,1.5318943182440965,False
348,heisenberg_only,0.745189326451984,0.2789009096436384,33.08268645124198,1.5196007688242252,False
349,heisenberg_only,-1.712149411512895,0.4804513012380342,13.623842988177422,1.1342996298340902,False
350,heisenberg_only,-2.1897017557435037,-0.8623927297529529,30.442278164783918,1.4834771499833137,False
351,heisenberg_only,0.2447493048892054,2.359781217167264,17.576390773528633,1.2449296996305108,False
352,heisenberg_only,-3.142620798916431,0.21996214664423322,27.902913404833733,1.4456495512874121,False
353,heisenberg_only,0.7447970541432308,-1.8259976641664186,36.09484347036619,1.5574451627831418,False
354,heisenberg_only,-4.850004707742053,-2.6684262185228613,16.726633498885587,1.223408541083247,False
355,heisenberg_only,0.935265740432624,-5.826665881820812,0.0014349089175630326,-2.843175665379603,True
356,heisenberg_only,0.6368218392173207,-0.8979231061352565,28.384602246449568,1.4530828128336732,False
357,heisenberg_only,-1.9408856152572682,-1.0446219616869614,34.09901724207375,1.5327418624970492,False
358,heisenberg_only,0.09496332552409306,3.3747710705305747,21.68671093804887,1.3361936907984457,False
359,heisenberg_only,-1.4565935215191097,0.1547144279322473,32.87667184119766,1.5168878467585107,False
360,heisenberg_only,2.587972135711184,-1.910351794475036,25.78697253594886,1.411400357721116,False
361,heisenberg_only,2.030825266733553,1.3531675915210455,32.503794239396356,1.5119340600881805,False
362,heisenberg_only,-0.46565225999004656,0.749396548752668,24.829765298906537,1.394972614444958,False
363,heisenberg_only,-2.607633713520011,-1.9622842393389368,21.098692553979504,1.3242555437249446,False
364,heisenberg_only,2.330209581432887,3.371935641000354,15.52698962903303,1.1910872629256406,False
365,heisenberg_only,-0.8684869185373597,2.0013813355696835,25.930568835673704,1.4138120439380562,False
366,heisenberg_only,0.6588194308339779,2.3607113014545136,28.38578068379658,1.4531008429687802,False
367,heisenberg_only,0.07966768877514725,2.0141237078246412,0.0033565511487627137,-2.4741067304376037,True
368,heisenberg_only,1.5947629446421026,3.2781094739648347,31.70184694513943,1.5010845648901912,False
369,heisenberg_only,0.14862472241141317,0.481372680089441,8.997517584728932,0.9541227041099756,False
370,heisenberg_only,1.3226616814299403,1.7604490363922267,24.770508309510696,1.3939349187275625,False
371,heisenberg_only,-1.5814167901982756,4.217794988822619,40.77651541414131,1.6104101100868018,False
372,heisenberg_only,0.6232064008692247,-2.102490516024848,18.027296304360384,1.2559305970416117,False
373,heisenberg_only,6.2498488454424335,-3.5992009568635672,0.037765640514611176,-1.4229031451624374,False
374,heisenberg_only,3.347716391899389,2.632755823049832,38.83874208881883,1.5892651555116761,False
375,heisenberg_only,4.899749898718232,-2.702500632811956,15.135113572651921,1.1799856842150207,False
376,heisenberg_only,1.0319064912352756,6.608425196347296,29.38770252246346,1.4681656350410444,False
377,heisenberg_only,3.9752425375613742,-1.646876420860186,17.377744847011456,1.2399934162987445,False
378,heisenberg_only,-2.4475858874977234,0.21745133947335016,30.850923475239313,1.4892681685053377,False
379,heisenberg_only,-2.2218948084107986,0.9654661840112003,22.167845904476533,1.3457234938699834,False
380,heisenberg_only,-4.955760877596769,0.7075353707600496,36.18778658996632,1.558562020489766,False
381,heisenberg_only,-1.3194303049461205,1.492790234726569,31.033054765897045,1.4918245278456737,False
382,heisenberg_only,3.6942624433313007,4.17450479856267,27.080765616119912,1.4326609383792772,False
383,heisenberg_only,-0.513514811151958,2.0759581185587894,34.418088013868335,1.5367867408291314,False
384,heisenberg_only,0.4507362897040975,-2.1468446203019567,27.20816567738217,1.434699263461338,False
385,heisenberg_only,0.06346693373798493,2.8633316139145344,29.856185070847005,1.4750343141550482,False
386,heisenberg_only,-1.3553778711384714,-6.961355752110205,1.7812330829823362,0.25072075271970967,False
387,heisenberg_only,-2.3269095778966453,2.7512944386850204,32.22101580789184,1.5081392279766805,False
388,heisenberg_only,-4.236745693880718,-0.23754541465057005,34.260928158700736,1.5347991242086487,False
389,heisenberg_only,-3.4891064704979042,1.4957578267354443,33.91655448733775,1.530411726746811,False
390,heisenberg_only,-4.120425094479134,1.8375868059508083,34.29056317179727,1.5351746178182237,False
391,heisenberg_only,0.6400961581407625,3.268428276975306,34.25743502662797,1.534754842707616,False
392,heisenberg_only,0.14689916128674807,4.99094742856786,28.58061786995907,1.4560716133497453,False
393,heisenberg_only,2.0444573220303566,2.86210894284535,37.42292712794229,1.5731377539228215,False
394,heisenberg_only,4.357114801727161,-0.7396884603783352,23.494399297897964,1.3709643455095026,False
395,heisenberg_only,-3.727819576950741,-2.6113312439471077,8.490170996662991,0.9289164372591834,False
396,heisenberg_only,2.6233288279981246,0.06516375822207945,22.379604512308198,1.3498524074988623,False
397,heisenberg_only,0.4439899778160808,-0.1455785840771511,26.452750297037056,1.422470832391304,False
398,heisenberg_only,1.6957215310736544,-2.374160663987542,25.974199628850638,1.4145421740490793,False
399,heisenberg_only,-0.013930214542748499,-1.6507015044130926,30.438190939302082,1.4834188370464443,False
400,heisenberg_only,3.763421212473308,-1.3223207725309911,0.8374594200251646,-0.07703622797604412,False
1,warmstart,4.283159435602155,-0.8525821729095314,17.442262795758392,1.2416028255486335,False
2,warmstart,0.5142183770776042,-1.2169900716064457,0.005167250449125452,-2.2867404883213385,True
3,warmstart,-4.734069091223644,-2.562547858636514,0.0005989471335882921,-3.2226115091701604,True
4,warmstart,2.210326782012358,-1.7584900675923847,0.0002954169470654501,-3.529564594312167,True
5,warmstart,-0.472632880093343,-2.436429193828969,0.0029948644295837764,-2.523622832311824,True
6,warmstart,1.8641032050629993,-3.858703225782563,0.0010746108959153403,-2.968748760257258,True
7,warmstart,-2.547967890927361,-1.3470441197291119,0.0044766762365043514,-2.3490443136540913,True
8,warmstart,-2.605163171854912,-1.0191622480151956,0.04120154214451381,-1.385086528328068,False
9,warmstart,-1.8367008016927897,-0.7289884681434825,0.011961705539032171,-1.9222068928073337,False
10,warmstart,0.797012982083949,-0.2950432256898227,0.010232146174991059,-1.9900332642156269,False
11,warmstart,-2.3912808558568117,3.0000187011148567,0.00018358199211314992,-3.7361699217701343,True
12,warmstart,-4.800209184213325,1.108639917976385,0.03358894357859846,-1.473803655140179,False
13,warmstart,-3.0196331083032284,2.5270335490584097,0.028072891590306927,-1.5517128514540408,False
14,warmstart,-0.7565252565833723,-1.52751989222005,17.389924694326773,1.2402977013293857,False
15,warmstart,0.13111084062185788,-1.3871695754258966,0.026279698299140557,-1.580379624948275,False
16,warmstart,0.8804174034969854,-0.7678135965629391,21.34278268009848,1.3292510422592914,False
17,warmstart,1.0253919659390964,1.7730090463811041,0.013286231380688705,-1.8765981885585277,False
18,warmstart,3.5435452102565286,-4.6034525702312745,0.025395056612806097,-1.5952508146683473,False
19,warmstart,0.5701895911828565,-0.299646089381024,0.0035790977800759403,-2.446226436628899,True
20,warmstart,5.183773147924655,-2.200704835997563,0.0025791326924527016,-2.5885263134969803,True
21,warmstart,-1.174438384912672,1.31225326606485,0.003107712053385218,-2.507559227779475,True
22,warmstart,-2.4810801032115926,0.9332241702798806,0.0006690421964487832,-3.174546490443013,True
23,warmstart,-4.776109442712708,-0.02933587556158018,17.40461090431075,1.240664318686114,False
24,warmstart,2.024548227738691,1.0503713857609298,0.027394941277035935,-1.5623296261687345,False
25,warmstart,1.3836756873173137,-1.7668892813873747,0.011666207410239311,-1.9330703066372146,False
26,warmstart,0.010440896949440047,0.11824627407817213,0.00189830944228593,-2.7216329920545057,True
27,warmstart,-1.481989604038783,1.1891914734704787,0.016805185140545353,-1.7745566986021615,False
28,warmstart,-0.9869178588590769,0.09080950956794226,0.0007847451068864631,-3.105271383571639,True
29,warmstart,-0.10008319919132606,-1.4476973352190907,0.0019552131131744905,-2.7088058987123844,True
30,warmstart,-1.016323767951623,0.20724130521011133,0.022804549083610404,-1.6419785106817966,False
31,warmstart,-1.128116101585554,-3.1543904491849224,0.014699589133476514,-1.832694803997243,False
32,warmstart,1.1655894810202236,1.6182515407361149,0.002768737253021586,-2.5577182558748883,True
33,warmstart,-0.9587489362295932,2.5743132768766372,21.343569322544212,1.329267048990128,False
34,warmstart,-0.896624446171616,-2.1554649331824827,0.029167926204730014,-1.5350944474589525,False
35,warmstart,-1.003414258185668,-1.8979869844003106,0.028095332409047755,-1.5513658251970879,False
36,warmstart,-2.076416743854981,-1.7458749233693984,0.008057053065677966,-2.0938237759792324,True
37,warmstart,-0.9613739228704075,-1.0776047579819454,0.0041220780487398155,-2.3848837894087906,True
38,warmstart,-0.9621907968859841,-0.14553366958640826,0.8588728241235037,-0.06607113869536949,False
39,warmstart,-4.157156208403059,-1.5862723757931756,0.0034603251389367226,-2.46088309212865,True
40,warmstart,1.0284566587848727,0.7134616123178447,0.008920745564956884,-2.0495988472813345,True
41,warmstart,-1.935306937448315,-7.218820583438287,0.0025374173615611167,-2.5956080929220473,True
42,warmstart,0.06922648846687135,-0.9663051694269597,0.0010038437381776424,-2.9983338857257147,True
43,warmstart,-0.8839724731626188,-1.3643739546543368,0.0006581261055582511,-3.1816908819168663,True
44,warmstart,-1.0408569820755431,-3.9887146531238673,0.000181219738519589,-3.7417945005705144,True
45,warmstart,-2.7700324329600208,-0.6462162171523891,0.014543428661105905,-1.837333195054645,False
46,warmstart,2.0381669372513587,0.48768831532999096,0.004799348175068374,-2.318817742456427,True
47,warmstart,-0.9281725824440078,-0.6383290409143384,0.00043628247889836386,-3.360232227926658,True
48,warmstart,0.23924681680432494,1.1041509870983872,0.017118328409141924,-1.7665386460916543,False
49,warmstart,-0.659405663300171,-1.567001108614852,0.018311609856753522,-1.737273473220368,False
50,warmstart,-1.8859973210591359,0.6680076863047643,17.574501726447156,1.2448830207176307,False
51,warmstart,0.022066877624629683,-4.005520591559596,0.00893412402033354,-2.048948023100731,True
52,warmstart,-2.1154931932161967,6.272587253355147,0.004046584905980418,-2.3929113427514923,True
53,warmstart,6.1476557489498385,-0.7859231369710947,0.0012071140516250645,-2.918251694565964,True
54,warmstart,-3.473362556543478,-1.1894042533186662,0.014330188862898182,-1.8437480858361506,False
55,warmstart,-0.2490271327988232,-0.4915164901327967,0.0018811773325470903,-2.7255702629734957,True
56,warmstart,2.8352700689469725,-4.972097426907881,0.016967121786158935,-1.7703918228799673,False
57,warmstart,1.38940828262844,0.869604869986753,0.01818553123023523,-1.740274007944984,False
58,warmstart,-1.735888124732516,2.707442464891007,22.107680231326725,1.3445431742571852,False
59,warmstart,3.6352507195367703,-3.1913504254564646,0.0021003159336702155,-2.6777153729186822,True
60,warmstart,-3.1859153934207947,-3.1531227893001845,0.0018705442227154464,-2.7280320199147123,True
61,warmstart,1.800839832750392,0.7726472682508481,0.0010002911298401947,-2.999873582317973,True
62,warmstart,1.8945186207455416,0.9524744206142797,0.022772541872389817,-1.6425884907049961,False
63,warmstart,1.0225848132766815,-1.4452189349081384,0.010226627859380616,-1.9902675474696585,False
64,warmstart,2.2162458739005704,-0.33966389021407334,22.082819810618236,1.344054528749202,False
65,warmstart,1.7327140865134012,-0.13992788819126264,0.015903482275767603,-1.7985077708012043,False
66,warmstart,5.04852375419711,-1.4376006756670479,0.0018721218822339675,-2.727665880459797,True
67,warmstart,-0.9930161869879781,-2.9926229985661634,0.01823044577308311,-1.7392027117935573,False
68,warmstart,2.8174620457510673,-0.5543460747193022,0.009363279633915944,-2.0285720062365815,True
69,warmstart,0.4601290806190798,-4.167744090032632,0.0015684962647844426,-2.804516511193483,True
70,warmstart,-2.462881085600976,-0.6589198129637254,0.03574116391301134,-1.4468313087758797,False
71,warmstart,4.940569330301777,-2.1363504907607704,0.0031239838665040984,-2.505291217658481,True
72,warmstart,-3.409958107628147,-0.5668547849702581,0.022779309248561447,-1.6424594494442086,False
73,warmstart,-2.222987084287629,2.2886584740733458,17.64170135357677,1.2465404658774373,False
74,warmstart,3.7281893579840744,-3.4866186248918085,0.02029065619324876,-1.6927039077966761,False
75,warmstart,-0.9869716024138684,-2.1770725191568756,0.007766557513301153,-2.109771437346533,True
76,warmstart,0.9421141656775093,3.3897903011904313,0.010520536392978607,-1.9779621169720079,False
77,warmstart,-1.8646782118479526,0.2830380425379131,0.0009733244524628889,-3.0117423658712004,True
78,warmstart,2.237208846122344,1.6584995837911491,0.002397904529823389,-2.620168111894495,True
79,warmstart,0.4841549327192038,-2.2914452881393257,0.00858323006841474,-2.0663492463118622,True
80,warmstart,-1.4779902558785638,1.336710008861084,0.016684124031263972,-1.7776965902303477,False
81,warmstart,-2.95491623452464,-1.5325883920118373,0.011527633288365,-1.9382598475456172,False
82,warmstart,2.5743858279221405,0.17629851052219758,18.361334996596533,1.2639042542387338,False
83,warmstart,-5.172437786937859,0.159385904842709,0.011172153985966366,-1.9518630870424065,False
84,warmstart,3.8090788255592054,-0.7190714354380129,0.010982158562798622,-1.959312290143001,False
85,warmstart,-3.790416624207426,-1.3580135884512896,0.008809753959704979,-2.0550362204681516,True
86,warmstart,-6.821055839086347,1.4130098660205122,0.011497558172446356,-1.9393943844146302,False
87,warmstart,-7.498463834968475,1.068864918058415,0.002668274584334345,-2.573769480480693,True
88,warmstart,3.029144977651546,-2.9904323408114584,0.0018998800724472859,-2.7212738124778038,True
89,warmstart,0.1225499863929584,-1.6789837315195069,0.011160073964138964,-1.9523329270730847,False
90,warmstart,-0.8219290268050389,0.362211124612627,21.278180455126964,1.3279344877168244,False
91,warmstart,-3.6862450206445248,-2.7009096594615514,0.006691164451972782,-2.174498296124658,True
92,warmstart,-0.03716863515171083,-4.108925635223814,6.005789741788207,0.7785701238037623,False
93,warmstart,-5.711785253666995,-4.505244925234898,1.703765159210433,0.23140973298485906,False
94,warmstart,-0.6258802657215496,-3.057988697447447,5.191383801680446e-05,-4.284716862319314,True
95,warmstart,-3.7295956433339383,-2.4902594091536945,0.013635726668335357,-1.86532171290101,False
96,warmstart,-4.067583835265717,-1.9962011745917188,0.0125697416296726,-1.9006736491207799,False
97,warmstart,1.4262896050429208,2.5051863035226583,0.001660213543924845,-2.779836047512008,True
98,warmstart,2.4217377147956918,5.137411081096603,22.183824975535124,1.3460364301156422,False
99,warmstart,-2.0425193611018626,-1.854524284249428,0.012462094866012668,-1.904408947060634,False
100,warmstart,1.0113535564938738,1.6228688334532404,22.07294006756414,1.3438601840940787,False
101,warmstart,-5.206721430426852,1.545630318867807,17.252876159397474,1.2368615049764415,False
102,warmstart,-2.92508734273479,0.019855803366227154,0.004792588392441129,-2.3194298684352077,True
103,warmstart,1.6566225926288982,-0.838197311735398,0.023568728632790335,-1.6276638439778233,False
104,warmstart,1.4360363406675933,-4.027991394698449,0.011577738640707862,-1.936376258550484,False
105,warmstart,0.48741672474170905,-3.2202452817986407,0.027811011344394027,-1.5557832177772135,False
106,warmstart,3.539446255029253,0.22531516451230563,0.010546486778852442,-1.9768921874431398,False
107,warmstart,-1.5439426882920697,1.7252006005561977,22.078697104714,1.3439734414788824,False
108,warmstart,-1.8023535228880159,-2.27595451512497,0.031606595596145606,-1.5002222802892395,False
109,warmstart,4.205563768635053,-2.854726807179187,0.002010834801566646,-2.696623607033795,True
110,warmstart,2.7299907248734834,-2.7783571035333567,0.011930939190600422,-1.9233253677931406,False
111,warmstart,-1.6857229665063849,1.563748915495612,0.01503280615292962,-1.8229599427012206,False
112,warmstart,-0.9658982223239364,-2.972004217448608,0.0005456875628660964,-3.2630559444029963,True
113,warmstart,0.8616093752668549,-1.6007711428868496,0.002738120382697965,-2.562547461829445,True
114,warmstart,-1.962459678899394,0.290592099361282,0.010365482207651135,-1.9844104894938273,False
115,warmstart,2.656769743496348,0.8963285546615051,0.02869621689367065,-1.5421753538060115,False
116,warmstart,-2.3760742710618667,1.0583003279118783,0.004685544610125655,-2.3292399229349723,True
117,warmstart,-1.6996320769079414,-2.9084127037430205,0.03340347916467192,-1.4762082965618732,False
118,warmstart,-6.5975771675280726,-0.16956804498723188,0.002596286195564961,-2.585647435791633,True
119,warmstart,-2.559266315726744,-2.906344482785829,0.059123963453137744,-1.2282364601319942,False
120,warmstart,-2.6718471578223455,-1.5352962870727969,18.548256406348337,1.2683030908410047,False
121,warmstart,-1.3706752567055889,2.0699380737393778,0.014518243609283278,-1.8380859206149196,False
122,warmstart,2.534470861564855,0.2873450104680983,0.00010838578175833534,-3.9650276855918856,True
123,warmstart,2.775750032542497,0.5232388334003101,0.0005019807265752759,-3.2993129571631314,True
124,warmstart,4.341552470034117,2.423052421025419,20.929074784382927,1.3207500298237074,False
125,warmstart,-0.7843439917501444,-2.488144740638827,21.391859826910473,1.330248544153196,False
126,warmstart,0.5250832365724883,2.452573631569964,0.002854071607748632,-2.5445351347742946,True
127,warmstart,1.1384445947414623,3.031148598885712,0.00614434057230276,-2.211524719966695,True
128,warmstart,-0.7697277374335892,-2.6865913642461727,0.011565552912936664,-1.936833600135263,False
129,warmstart,4.853794838505486,-0.15957099020906057,0.00805727013143023,-2.093812075772246,True
130,warmstart,2.463950472001673,-6.1166847451101996,0.001126444563438238,-2.9482901766745395,True
131,warmstart,-2.062151551120371,2.6998491597978007,0.00969298246065273,-2.0135425731131655,True
132,warmstart,6.1844503972615925,6.266278792250608,21.704007070916322,1.336539922241719,False
133,warmstart,2.020890046440513,0.663909391478726,0.010571262524887822,-1.9758731418459718,False
134,warmstart,0.8714025106839629,0.8979272009156993,0.0022267095622720764,-2.6523364258615025,True
135,warmstart,1.1153826208913538,-3.1452542569354978,0.016987473543872318,-1.7698712066249658,False
136,warmstart,0.060769799699304135,3.7222407061561995,0.0009375453727240471,-3.028007705310262,True
137,warmstart,-2.789877932280542,-2.439536545695856,0.015035498335686553,-1.8228821730937472,False
138,warmstart,1.9221280800680998,-2.9492782241992503,0.024150101755936723,-1.6170810350181122,False
139,warmstart,0.9557616943278423,-2.1146639415788417,0.0006794638977648685,-3.1678336138660477,True
140,warmstart,-1.0887561911600785,-0.3805642724900226,0.0033392624218272506,-2.4763494498066096,True
141,warmstart,-1.343856605212375,0.46697017538845603,21.584817852044516,1.3341483881238254,False
142,warmstart,-1.6586936232131564,0.5980052749889333,0.009670041920160995,-2.014571643222568,True
143,warmstart,0.8025767076388063,-6.2793126349724835,0.0010885509875383137,-2.9631512238687057,True
144,warmstart,2.552707392489664,0.07828997485771527,0.001283208086089409,-2.8917029123602966,True
145,warmstart,-2.1812220669921727,-0.4154285065955801,0.00804402609299491,-2.0945265293202824,True
146,warmstart,-1.3903887800900523,0.6463387138341767,0.0028541946932573487,-2.5445164056700698,True
147,warmstart,-5.072312181768868,-4.496662137700281,0.020173909183243747,-1.6952099385640274,False
148,warmstart,-0.8724888076780332,2.0810339643992823,17.398421346898665,1.2405098441772018,False
149,warmstart,5.404265733191841,0.5286468405905876,0.03319593030139943,-1.4789151559339784,False
150,warmstart,-1.1016646351105865,-1.1616561957843845,0.03760584675099066,-1.4247446280965221,False
151,warmstart,4.452287762002065,-3.0655266745420353,0.009860168083939498,-2.0061156816809764,True
152,warmstart,-1.3754842057248238,0.4539745315490176,0.018016377859351375,-1.7443325182302598,False
153,warmstart,1.9248631328957262,-1.8502968188864068,0.02485389323431024,-1.6046055716090222,False
154,warmstart,-1.752277362394807,1.8471821241765873,22.091097604290024,1.3442172944881927,False
155,warmstart,-2.3250157210677838,-1.0924476978261828,0.03176451048438497,-1.4980578330902028,False
156,warmstart,3.5817505177228726,-2.5904485981284906,0.016070450391288325,-1.7939719515060886,False
157,warmstart,5.857053557071129,-0.2331051022404381,0.0011904616465796291,-2.92428459181487,True
158,warmstart,-3.977653401140249,3.2275180547547686,0.01242061896651729,-1.905856761080145,False
159,warmstart,-0.16687094448694417,6.0022811732858115,0.02192440539326765,-1.6590721762024916,False
160,warmstart,1.8214206874912433,1.5141800631032483,0.02033270983236524,-1.6918047371112708,False
161,warmstart,-3.4336168898406187,-4.855286975632727,0.0013014092289632948,-2.8855861177853344,True
162,warmstart,-5.560310550179033,-1.3271048887865224,0.01239462823130351,-1.9067664950772654,False
163,warmstart,2.6003521539940855,-4.128793493298546,0.016138522527346648,-1.7921362272094465,False
164,warmstart,1.3273660278059278,-1.775434707781112,18.47028835412032,1.266473675604061,False
165,warmstart,2.3860431109856943,-3.7982211078029597,0.006929080840940351,-2.159324371763791,True
166,warmstart,-0.5892146480771824,-1.0238539446732264,0.0005401054806152606,-3.267521415777705,True
167,warmstart,1.8059504662473458,-5.052319214038918,0.0031717794792641297,-2.4986970150076293,True
168,warmstart,-2.6788226635669643,1.33192587197516,18.338693662954324,1.263368395937235,False
169,warmstart,4.87986790918745,-4.613087232951438,0.0027251949219895483,-2.564602428977456,True
170,warmstart,0.36996192366208525,-1.991545021576117,0.024091041575870636,-1.6181444228794368,False
171,warmstart,1.1309410586819442,-2.4870016583305903,0.0009084726087050554,-3.0416881625415066,True
172,warmstart,-1.1804749555087843,-1.8764031244200368,0.00840742882403567,-2.0753368006662436,True
173,warmstart,-1.8265177943897901,-1.9493781234880845,0.012871902044739435,-1.8903572738803605,False
174,warmstart,2.2990832491014066,-0.048625120837997,18.004477797664553,1.2553805296016893,False
175,warmstart,-0.2455084272540099,-1.7911495976191996,0.009418571648405845,-2.0260149541338923,True
176,warmstart,-3.5197835307068868,-3.0945974330256063,0.023239468867638936,-1.6337738018621493,False
177,warmstart,5.4743209441892136,-2.987397507169126,0.02410558589540839,-1.6178823083605824,False
178,warmstart,2.8132396254166756,1.1997403746642632,0.02629400336924394,-1.5801432857533808,False
179,warmstart,-0.41350824473954284,4.761265423939819,22.063139476033435,1.3436673104661923,False
180,warmstart,2.8973858592722124,0.039763653610913,0.01806117244527054,-1.7432540607786597,False
181,warmstart,-4.305541519684333,-1.0713117435849486,0.02239065045526201,-1.6499332898498318,False
182,warmstart,1.293754580441431,-0.9626764729498997,0.009600795505404627,-2.017692780575633,True
183,warmstart,5.313573685471579,-2.4908003256297153,0.0004119537723803338,-3.3851515158273813,True
184,warmstart,-0.20837946229820653,-0.9279170776448019,0.008261012612368224,-2.082966714784981,True
185,warmstart,5.293105640105637,-2.0363909794484543,0.017854523406703248,-1.7482517379999791,False
186,warmstart,1.6566129801333995,0.03548725717553455,22.14658253508034,1.3453067192424264,False
187,warmstart,2.641759259974828,-2.3288831236502006,0.01938173721110626,-1.7126072991436303,False
188,warmstart,1.3698088328529554,-2.1237043592972165,0.0007536482075488399,-3.122831329425858,True
189,warmstart,-1.7380694857977617,-0.4693271350132527,17.225183043595138,1.2361638456392243,False
190,warmstart,1.39081254368958,-0.796064253581103,0.010197866580953497,-1.9914906742213312,False
191,warmstart,1.430150492299823,-2.9689701691663974,0.004658650892179138,-2.3317398332909716,True
192,warmstart,3.5665331167010192,-0.5345462512007465,0.0027125792118142884,-2.566617570838693,True
193,warmstart,3.3532555341472157,-0.5910974960114992,0.017878818177752127,-1.7476611922427934,False
194,warmstart,-2.220499549543871,-3.3409395919241986,0.002856560614831875,-2.544156555987222,True
195,warmstart,-0.7524481185523474,0.30125610645134726,0.001824883768947363,-2.7387647915430122,True
196,warmstart,-2.2218772237079256,0.19691514406977464,0.0033763353952677246,-2.471554418361828,True
197,warmstart,-0.16265800810873285,-1.7086938555094162,22.105485491632244,1.3445000575373698,False
198,warmstart,2.849268307478338,1.3022301040894793,17.908359556899352,1.253055805390306,False
199,warmstart,2.5353306425605946,-3.3704112790037466,0.00192015144720482,-2.716664516040484,True
200,warmstart,3.369377074271941,-2.8558633836329124,0.00045236856957376383,-3.344507577342666,True
201,warmstart,2.1893322221714673,-0.5085624503388068,0.004893901754623099,-2.3103447533849923,True
202,warmstart,-3.6504892385960375,-3.2814351663671197,0.006147417730216156,-2.2113072746351548,True
203,warmstart,-4.564806457689024,-2.1340850370835214,0.02035996942906716,-1.6912228784373127,False
204,warmstart,2.157366348399171,-1.6689533581306226,0.007042081704934533,-2.1522989403853514,True
205,warmstart,-1.685066920996235,-1.3975970943202203,21.792554090362174,1.3383081326027144,False
206,warmstart,2.536763924645305,0.3965851191659484,0.0005964668742977775,-3.224413670533723,True
207,warmstart,-1.3930739241067027,-5.05669988121987,0.02566526628946817,-1.5906542253659435,False
208,warmstart,-2.047991541526485,3.677881218870848,22.130787404910983,1.3449968662329195,False
209,warmstart,-3.7429505887747316,-2.2698373142047195,0.002903766829730137,-2.537038260088738,True
210,warmstart,-2.137291135115093,-4.293484170039783,1.9147844920703077,0.282119901452712,False
211,warmstart,-1.3263304663512367,4.2240547199692475,22.093827201560114,1.3442709530171564,False
212,warmstart,4.667254075247579,3.8072948829594426,22.089763132398424,1.344191058974928,False
213,warmstart,0.5924082014301599,-3.6221857278671483,0.012488411819846544,-1.9034927883458672,False
214,warmstart,-6.416991466987686,0.8705509577105133,0.0022559127565966557,-2.646677699928632,True
215,warmstart,1.2996725071423718,2.254174458798574,0.01233376183868971,-1.9089044419273464,False
216,warmstart,0.02713301142544149,2.0015085647073523,0.002792489950169529,-2.55400838118237,True
217,warmstart,-0.42603053487482495,-7.912149117349194,0.0008507901819790756,-3.0701775304488024,True
218,warmstart,-0.5070067600453855,1.856431660757211,0.005188480469393533,-2.284959813708907,True
219,warmstart,1.0696039638844734,-6.209922357623568,0.002808621240067412,-2.5515068241446883,True
220,warmstart,5.119033366560451,-0.05996824726324579,0.00948775700537845,-2.0228364467216613,True
221,warmstart,2.6691345930440034,-2.1438589136345234,0.0008626135484129172,-3.0641837250043955,True
222,warmstart,1.545461919394335,-5.013410150408303,0.0019363306878519761,-2.7130204715910358,True
223,warmstart,0.8335041804211181,0.5808170827489739,0.04137602685339681,-1.3832512149387597,False
224,warmstart,-0.7960299750122254,-2.209353214770089,0.05118122951293265,-1.2908892853838019,False
225,warmstart,0.005788518666588516,-1.3315671200723809,0.010315512579103675,-1.9865091870078042,False
226,warmstart,-3.498496649306395,0.1526973505655545,0.0212895645377011,-1.671833221643294,False
227,warmstart,-2.946554840508804,-5.026696792988281,0.0021122709509377494,-2.675250373567389,True
228,warmstart,-0.8113196210058023,-5.317275526388223,0.0005113570146253085,-3.2912757821674288,True
229,warmstart,4.044609630660484,-1.5818906123983947,0.028167429225628073,-1.550252788231526,False
230,warmstart,-2.160749015575161,2.7566240428305107,0.017960220658767408,-1.7456883319061098,False
231,warmstart,1.454340770144533,0.04412380713564531,0.0014082317529224857,-2.8513258674005586,True
232,warmstart,3.810013601919219,-3.8139322334289165,0.020294886800592594,-1.6926133667174816,False
233,warmstart,1.928060610004172,-3.4378945259251705,0.004957051848558235,-2.3047765385439165,True
234,warmstart,-3.230452777709673,-3.17358393149728,0.012918921408742276,-1.8887737437546495,False
235,warmstart,-3.7546176150734047,1.0235707673854457,0.02644578723568662,-1.5776435004156188,False
236,warmstart,-0.5957724552674178,-1.854583043082478,0.002764607588057178,-2.5583665042999018,True
237,warmstart,1.4799877795713348,2.3440390122834502,0.013099266098836748,-1.8827530355010202,False
238,warmstart,-0.10123603697881833,0.43685268315972925,0.007535350917978567,-2.122896517975362,True
239,warmstart,0.35403938071911323,0.4952904696603331,0.012388932214819274,-1.9069661232603805,False
240,warmstart,-0.6573327080750203,1.1802982057627065,0.010556202960565902,-1.9764922683376978,False
241,warmstart,3.747047251819279,-0.32503807151186404,22.137657500749775,1.3451316640440125,False
242,warmstart,1.1844583621793097,2.2550703365335947,22.00007178865382,1.3424240979751767,False
243,warmstart,-0.6416362067763114,-1.3152679195777037,17.701530568414874,1.248010819394486,False
244,warmstart,-2.820428610968004,0.05997506008897879,19.548265730776816,1.2911082340099942,False
245,warmstart,-0.7281111369467264,-1.9995171644915366,0.0028651014697428172,-2.5428599925555684,True
246,warmstart,-2.628577161007772,0.4596912847033242,0.006569631082590275,-2.1824590175473393,True
247,warmstart,1.3673970546093883,-2.49224491178877,22.545433573731458,1.3530585916882076,False
248,warmstart,0.18472152795296182,4.014016428198484,0.016484349622283994,-1.7829281829475905,False
249,warmstart,4.500341997414674,2.565292288162125,22.145213586406065,1.3452798733293003,False
250,warmstart,0.7445345250072566,-2.046461002242201,0.00683801342422463,-2.1650700509420333,True
251,warmstart,-1.8934209125459553,2.288530804002231,21.9949461243963,1.3423229025299288,False
252,warmstart,2.834879365262764,-1.720860179692948,0.0016636720835293754,-2.778932270802396,True
253,warmstart,-0.7582608983082016,-0.8808609635594328,0.0057401514315414725,-2.2410766502822788,True
254,warmstart,-3.7820282645080954,-0.027426162661311093,0.002771014274934806,-2.557361236935398,True
255,warmstart,-3.6692156489466146,-0.595441825514473,0.012851082365000302,-1.8910602929279254,False
256,warmstart,2.1906002255899186,-0.505679083995634,17.302329517813032,1.2381045787717548,False
257,warmstart,-1.5857704108132684,-0.5604228484271404,0.02409502435332316,-1.6180726304124295,False
258,warmstart,4.727234292999355,0.11528497952582503,22.0419398442142,1.3432498128006893,False
259,warmstart,-2.8768562721482773,-0.3015258353818582,0.034579638019843484,-1.4611795572392896,False
260,warmstart,1.5280991373412247,1.4678832430305502,0.005811201026214607,-2.235734100801866,True
261,warmstart,2.1785343878234134,-3.1626752980342423,0.006953693134913209,-2.157784478558487,True
262,warmstart,2.6111493736772733,-2.4298631592198805,0.0011870264363154426,-2.92553960874712,True
263,warmstart,1.90793309023231,-1.178251963145186,0.0013296559326669251,-2.876260724352921,True
264,warmstart,3.153540072095071,-1.491225796634262,21.382234787044915,1.330053093995338,False
265,warmstart,2.5565076458505085,0.6478834512177774,17.235318428971453,1.2364193115715076,False
266,warmstart,-0.7941609824960583,-1.0929181795220675,0.007012729484122056,-2.154112913677717,True
267,warmstart,0.03796453998205737,-1.1801535574066895,0.025081808438642397,-1.6006411533832487,False
268,warmstart,-1.3465285812456163,1.9480582023724669,0.03592413552241551,-1.4446136739205815,False
269,warmstart,-1.4235976950326787,-0.4944248068540961,0.003727450786317232,-2.428588081844641,True
270,warmstart,-0.6362484399641132,0.010547108280967504,0.010766134031303118,-1.9679402178053937,False
271,warmstart,0.4959486257918437,0.16221283051294957,0.026108217708229506,-1.5832227745156453,False
272,warmstart,-1.4752935599912333,0.10343257559703434,21.36605323880738,1.329724306211387,False
273,warmstart,4.22731166809727,3.014610863904808,1.8922174101608478,0.2769710340788117,False
274,warmstart,-2.5595721704046,0.18025886806322958,0.017422195167150278,-1.7588971255098989,False
275,warmstart,-1.4096206773738533,1.347563330643048,0.001642200477059545,-2.7845738260435864,True
276,warmstart,-0.25500107803766947,-1.81287797523661,0.003606922181560716,-2.442863227374828,True
277,warmstart,-5.308028130137963,-1.162737108481673,0.010627991234483603,-1.973548812449281,False
278,warmstart,-0.26020066242232986,-5.462311761323659,0.0023244695526170047,-2.6336761381094274,True
279,warmstart,-0.8523180945915582,-5.670073602694014,0.01796842793525032,-1.7454899178221148,False
280,warmstart,-0.5893582859739313,2.3269026112702735,0.011141691649508092,-1.953048864972805,False
281,warmstart,0.909545434817146,-2.2928876421776963,0.024206851523058126,-1.6160616936265035,False
282,warmstart,1.0830098085426099,3.450827083203181,0.018082054771953644,-1.7427522195787915,False
283,warmstart,3.2800019424266096,2.423593505752333,0.020073713034281022,-1.6973722886408915,False
284,warmstart,-2.6382134956402625,-0.2243319593772147,17.32106075316233,1.2385744849757057,False
285,warmstart,-1.881037419071767,-2.257056897246769,17.251356292327287,1.2368232447494878,False
286,warmstart,6.047799713294552,-1.5482411912382927,0.029281409640965532,-1.53340801967114,False
287,warmstart,2.899682093098869,0.22442395103094184,0.001898452191294234,-2.721600335220806,True
288,warmstart,-1.8605254874114219,4.198342121494453,22.070608987003144,1.3438143166707683,False
289,warmstart,1.3680551402010208,3.44540000309176,0.015312091655746039,-1.814965479941735,False
290,warmstart,3.621451795689323,-1.8900582994379358,0.0005526351239503177,-3.2575615159938107,True
291,warmstart,-0.7853930195590196,2.101067617759048,0.019460388751023,-1.7108484882846366,False
292,warmstart,0.8045559889487274,-2.504071267020517,0.01823818923563667,-1.7390182824554388,False
293,warmstart,-1.6060403216327277,-0.04026668335400353,17.31932705824315,1.2385310135145065,False
294,warmstart,1.9583497216663408,-3.6089515186860353,0.004387828166261459,-2.3577503883684465,True
295,warmstart,2.1905031588999275,-4.942442149300667,21.719792067497615,1.3368556632570188,False
296,warmstart,0.549046393788551,-2.7557988613574373,0.02159862269202605,-1.6655739421974165,False
297,warmstart,4.096721459454233,0.8821111248479528,0.005682285318591744,-2.245476963295415,True
298,warmstart,-2.751351494275371,-0.9436121837290192,0.007756292117352622,-2.1103458428933206,True
299,warmstart,-1.221623918826067,-0.46903677655678006,0.0009006697794528719,-3.0454344090748764,True
300,warmstart,1.0889132940299084,-1.3198300081403986,0.003049830068106294,-2.5157243582072217,True
301,warmstart,-2.761482789843289,-0.2375891585767405,0.0014766030678726718,-2.830736233598243,True
302,warmstart,3.3467174314590915,-0.4149291413612865,0.002092642422243913,-2.6793049748688653,True
303,warmstart,-1.9621766685240571,0.2052137004906009,17.87296212449937,1.2521965350303859,False
304,warmstart,-0.4433011865153721,0.2430116245099361,0.005924277431981251,-2.2273646118055677,True
305,warmstart,-1.8996454229727515,-2.1881363562735023,0.003315714358475734,-2.4794228900279958,True
306,warmstart,-2.228149559524851,-1.255655239881045,0.012114418235563055,-1.9166974369248444,False
307,warmstart,-1.900802796587035,-2.557112270675258,0.006407307242110056,-2.193324450293489,True
308,warmstart,1.6585096409671602,3.571470857630235,22.487258471357503,1.351936511756833,False
309,warmstart,1.369730772798038,1.473202286161346,0.040756736072856,-1.3898006029361116,False
310,warmstart,5.008646077728341,-4.423212093578445,0.052188267052013175,-1.282427123957788,False
311,warmstart,1.9417381923250765,5.130424378188952,22.064552253232502,1.3436951189156208,False
312,warmstart,1.4551139334092993,-1.4693231321084927,0.002007441214375496,-2.6973571636812346,True
313,warmstart,1.0144145261988922,-1.002337610647092,0.06589130669680446,-1.181171879831661,False
314,warmstart,-1.3258409603690373,0.8698435398686999,0.0031201372009751834,-2.505826308444268,True
315,warmstart,-4.837121975030427,-0.6861069611584165,17.42048486814508,1.2410602386526624,False
316,warmstart,-0.004829723638297959,-4.448012022178818,0.00015620292010233038,-3.8063108515568316,True
317,warmstart,-3.922219916683294,1.0525637302686262,0.07119419173716879,-1.147555436129873,False
318,warmstart,-0.17231216389192527,-2.447603725218506,0.016712349262576566,-1.776962496841489,False
319,warmstart,-2.5105597639225796,4.241749701685909,0.020179972768513806,-1.6950794241492653,False
320,warmstart,-0.45305402325285565,-0.7176270523839497,0.0019465135248177092,-2.7107425743587172,True
321,warmstart,0.1337040219295608,-4.575805274431073,0.0021124837452004817,-2.675206624104611,True
322,warmstart,0.721026659390497,0.8957716547527884,0.030605804390678178,-1.5141962017605453,False
323,warmstart,-2.2570702588064173,-2.987644947843779,0.00110350889089413,-2.957224163407895,True
324,warmstart,-1.1468159734098358,-0.16852251606666538,0.009640212954240194,-2.0159133723388805,True
325,warmstart,5.190529430274081,1.0733002495345643,0.004170078100126901,-2.3798558111805534,True
326,warmstart,0.15600544965856442,4.509357853485883,22.108918234447913,1.344567493537406,False
327,warmstart,4.596707081089853,0.13244160064706464,0.011450045408726866,-1.9411927909904334,False
328,warmstart,-2.7036841990272222,-4.2255744205183285,0.026421943835741583,-1.5780352349394262,False
329,warmstart,-6.523401514104035,1.1664832681445996,17.240555513739544,1.2365512552627578,False
330,warmstart,0.14954260443418413,3.267974703139859,0.00043112632364693547,-3.3653954592486697,True
331,warmstart,-1.720720278642275,-1.7078160609090327,17.69499582835676,1.2478504645874442,False
332,warmstart,-2.563056142720048,-0.8756859365922753,0.021062380446230274,-1.6764925469093264,False
333,warmstart,-5.912690362987288,-1.5166427381280223,0.00407004190414759,-2.3904011193628927,True
334,warmstart,-2.9769337960630655,-1.8772789824550853,0.0014861728971105144,-2.8279306630565424,True
335,warmstart,-2.463046734706231,-3.1632653649930735,0.0011340631983595161,-2.9453627426794236,True
336,warmstart,2.145571593050085,-1.5379896267621698,0.015501247083524943,-1.8096333612034694,False
337,warmstart,-1.8965295950064454,-3.066769957854183,0.007012679855478723,-2.154115987163192,True
338,warmstart,3.1452060545373466,-1.639585578602955,0.014192452439077945,-1.8479425524825468,False
339,warmstart,1.5335725227617796,-0.0020529932259928155,0.0010733848328931242,-2.9692445456591567,True
340,warmstart,-1.1583082388197519,-0.09178889381776457,0.004906067175442003,-2.3092665095898752,True
341,warmstart,-0.6032273968491154,2.730606649979777,0.0327270716862206,-1.4850928522358413,False
342,warmstart,5.5719525251593085,-1.2068903996556564,0.010870300882858895,-1.9637584347585217,False
343,warmstart,-3.2359177920531144,-1.2432362854487113,0.009112972919109988,-2.0403399203112267,True
344,warmstart,2.5226740364236733,-4.547072449615878,0.011200760851214225,-1.9507524753422556,False
345,warmstart,0.8721193492597995,-1.154233934869053,0.03078811714512935,-1.5116168696704873,False
346,warmstart,1.157224438255832,-2.9470681048753913,0.000141294194243325,-3.8498756828781833,True
347,warmstart,-1.1569653441745547,1.4700354325467322,0.03180935336470836,-1.497445159342601,False
348,warmstart,0.36721770093611555,-0.5262553268042932,0.022362478303429134,-1.6504800677864744,False
349,warmstart,0.46251925694782203,2.851667574394987,0.0016901663252745353,-2.77207055538951,True
350,warmstart,-0.11225674283004874,1.628799048530786,0.022359057681440832,-1.6505465036645979,False
351,warmstart,0.0878079183645109,-0.3017607859740673,0.013528512944919961,-1.8687499384584396,False
352,warmstart,-1.1106591582580858,-4.886797602937994,18.212632451912107,1.2603727232090898,False
353,warmstart,0.7369157461971292,-3.760959822399848,0.008670470475925209,-2.0619573362545216,True
354,warmstart,-5.237001371204472,-4.883856121668996,0.019031732544392114,-1.7205216741291982,False
355,warmstart,1.0701260307973828,-5.35102314696746,0.013708108181615348,-1.8630224768644934,False
356,warmstart,0.444926674691522,-2.133808070481009,0.03198527157083009,-1.4950499575550706,False
357,warmstart,-0.5965132548710647,-2.279963398251704,0.00019232443063567952,-3.715965544589675,True
358,warmstart,1.3038818656848739,0.7827166647975754,0.010414781932624483,-1.9823498189902964,False
359,warmstart,0.3912235681716163,-1.624375474493491,0.009641011507925991,-2.015877398746008,True
360,warmstart,1.8362994625657547,-3.260061324752219,0.030972394146681684,-1.5090252226540266,False
361,warmstart,1.2561387177414869,-0.5276000057287856,0.008795682859495627,-2.055730438116849,True
362,warmstart,-0.5934160634992711,2.4515639351580667,22.128426864414394,1.34495054052516,False
363,warmstart,-3.8057922239436075,1.0257716108383923,22.114460916474265,1.3446763570515838,False
364,warmstart,-0.2904973426383647,-1.2080527094279028,17.258204311895764,1.2369956060950116,False
365,warmstart,0.2842981700855961,-0.24995638214512803,0.02177225616740314,-1.6620965645150254,False
366,warmstart,1.1192861806772627,0.31412105493991926,17.66681438886073,1.2471582462772879,False
367,warmstart,1.1252682647081766,1.6492356017433003,0.8247784945774949,-0.08366267144918373,False
368,warmstart,2.373967675822598,-0.4487471341351769,0.03396623619158479,-1.468952574760459,False
369,warmstart,0.20625749285996706,1.2720794053654052,0.024676003736334412,-1.6077251726690498,False
370,warmstart,-2.48227570569995,-1.8606699028638856,0.03492374097650996,-1.4568792415290333,False
371,warmstart,-1.9203228895252802,0.5655279930952252,0.00161251928135393,-2.792495083678399,True
372,warmstart,0.05289503502975117,-1.0518316738994147,0.00123338327614769,-2.9089019446124995,True
373,warmstart,4.454310956061684,-3.83586878054135,0.011316977416233859,-1.9462695507744765,False
374,warmstart,2.1594573684181477,3.470070536088553,0.005730714619808715,-2.2417912181568465,True
375,warmstart,4.75145118145991,-2.7063943813037112,0.01103120559816936,-1.957377021012205,False
376,warmstart,-0.2651689057194642,0.5856127824323618,0.009250320769912852,-2.0338432071325667,True
377,warmstart,3.5161075910195168,-3.15450253379711,17.22159137724605,1.2360732803594197,False
378,warmstart,-0.995796327345537,-0.49536437318353027,0.0016985895656417508,-2.7699115480942584,True
379,warmstart,-2.4450682075032635,-0.7454592797786679,0.003935194186410981,-2.4050338320454663,True
380,warmstart,-2.5236877201536783,0.020750738238710355,0.018210540755564067,-1.7396771577926338,False
381,warmstart,-0.6507168637420523,-3.2264355170064354,17.687539098588285,1.2476674128843301,False
382,warmstart,0.8402459035843914,1.0791756091354976,0.01361170440773755,-1.866087490628414,False
383,warmstart,-0.9750355735878378,1.237582072627012,22.0661789658164,1.3437271361643557,False
384,warmstart,0.5617960721878535,-4.089352998160825,0.0005574079204429219,-3.2538268645064314,True
385,warmstart,0.13882299822779245,-1.1916549069111306,0.009947322961059135,-2.0022937815325967,True
386,warmstart,-1.8898556035449858,-4.717014071118087,0.005757188776297613,-2.2397895299403445,True
387,warmstart,-1.4920857530853473,-2.985934783675036,0.020194960674276327,-1.6947569881964646,False
388,warmstart,3.3949086824599584,1.701642276097132,0.01955724148121719,-1.708692401796389,False
389,warmstart,-2.592017989324832,-1.591593992762273,17.788351365702326,1.250135699294918,False
390,warmstart,-4.846159256000507,-2.3387967629668105,17.69065238811118,1.247743848926255,False
391,warmstart,-0.2947940489809454,0.47339725663929905,0.0005625369771562563,-3.2498489248661895,True
392,warmstart,0.2853070617333137,0.5556136099207515,0.0028310714291784095,-2.5480491730557073,True
393,warmstart,2.5258625713440126,-1.7368097586727658,0.002132506204658407,-2.671109696552004,True
394,warmstart,2.6469879035359294,0.18755658155736732,0.001051251899391099,-2.978293206514528,True
395,warmstart,-3.806269276620162,-2.906638673304711,0.0006366110770220764,-3.1961258089325613,True
396,warmstart,0.6277523033367621,0.48594949678453553,0.009368322524017996,-2.028338166186103,True
397,warmstart,0.9163094111567076,-4.148868282859158,0.0006588762389539177,-3.181196154126872,True
398,warmstart,2.1756226872283717,-1.6310387730724238,0.000503797728124337,-3.2977437952842905,True
399,warmstart,-0.41057883978779025,-0.9503032613868758,0.016320442220302822,-1.787268077736856,False
400,warmstart,4.382286547134599,-2.0674730216187798,0.0015189233777560009,-2.818464133613887,True
