combined_index,training_type,pair_index,loss,success,angular_l2_distance,angular_linf_distance,raw_l2_distance,is_global_best
0,heisenberg_only,1,25.089711207255526,False,21.033593172304457,3.141015100040756,29.682440529758676,False
1,heisenberg_only,2,28.44510847090474,False,19.9656397511543,3.1385034335787676,31.900621000353063,False
2,heisenberg_only,3,33.33135955558548,False,18.976689261792508,3.1405280424570017,29.217697868767626,False
3,heisenberg_only,4,12.982217526925144,False,20.010610713405054,3.1401884235716775,27.97562304876722,False
4,heisenberg_only,5,34.25416270785702,False,19.590039297166395,3.1348410429197218,27.755796988591097,False
5,heisenberg_only,6,17.3886277213084,False,21.337988794237482,3.1414390740219353,28.634834343947873,False
6,heisenberg_only,7,12.959744909707275,False,20.286373229005108,3.1388501528696673,32.621137185492316,False
7,heisenberg_only,8,36.26282015553788,False,19.330760148127183,3.118437240768073,30.511026437122904,False
8,heisenberg_only,9,34.15999038174481,False,21.071517641031154,3.1397255788729606,28.916927282744897,False
9,heisenberg_only,10,15.586743691159416,False,23.23492756741288,3.135918872620777,28.792931790005042,False
10,heisenberg_only,11,26.862927813775713,False,18.939357746309174,3.139694550109927,29.5452292047773,False
11,heisenberg_only,12,28.88580054996011,False,18.790754716691765,3.1400803548188136,30.9042334789384,False
12,heisenberg_only,13,28.268180922533745,False,17.83524917228349,3.1401264057777603,28.915849314396496,False
13,heisenberg_only,14,38.181981606674356,False,20.233776455905325,3.1381906896717173,28.915131150527966,False
14,heisenberg_only,15,28.594164989653848,False,20.422942530600935,3.134944449748554,29.975237365168585,False
15,heisenberg_only,16,37.72248634736024,False,21.77642861755562,3.139633387748863,29.722496379354137,False
16,heisenberg_only,17,20.082315094208397,False,21.331732882540187,3.139769481710011,26.39261251748365,False
17,heisenberg_only,18,32.31340089992443,False,20.887106018197883,3.1376849836267735,29.26544067528531,False
18,heisenberg_only,19,28.816596088927476,False,20.81782320412274,3.1414006254916815,29.29483435461256,False
19,heisenberg_only,20,28.035131152766,False,20.035255584105293,3.1362963407312083,30.007238889262265,False
20,heisenberg_only,21,8.588245912197756,False,20.013707926737432,3.1404886107056047,31.060981515331353,False
21,heisenberg_only,22,32.07092388759478,False,19.27826763622759,3.1327290556973866,26.626111027987882,False
22,heisenberg_only,23,36.02636336387767,False,19.337001745470534,3.1388182184274385,29.517655572409804,False
23,heisenberg_only,24,34.22669615501566,False,20.057154158611795,3.1346779152248807,28.840956751607948,False
24,heisenberg_only,25,38.526177919060856,False,20.972826344521966,3.141466344837432,31.207265970716126,False
25,heisenberg_only,26,33.05153097605028,False,18.956554598569543,3.139622155038417,26.298031794897458,False
26,heisenberg_only,27,28.072444352129118,False,19.619253778116832,3.134638534886415,31.004081111413825,False
27,heisenberg_only,28,38.37695159828624,False,18.844882290033308,3.135418231129896,27.28503477450372,False
28,heisenberg_only,29,40.586511336509794,False,19.08130541718648,3.1351287209325536,28.258679055998925,False
29,heisenberg_only,30,0.30343055757093607,False,21.128922351614506,3.1404843016886037,30.388568952292896,False
30,heisenberg_only,31,32.21362830693005,False,21.790014292472534,3.1398357307069933,29.316736450124356,False
31,heisenberg_only,32,8.56579503083205,False,18.784665556608626,3.141444209122618,30.360989500699,False
32,heisenberg_only,33,38.12483649285642,False,20.490837143007422,3.141438627830704,29.313561843579404,False
33,heisenberg_only,34,26.29333220099229,False,18.384875424594455,3.1394918714611055,27.625346564482196,False
34,heisenberg_only,35,23.486904412146515,False,20.141635168469602,3.140824843163716,28.746005768731393,False
35,heisenberg_only,36,0.01298865630695953,False,21.29704743442979,3.140838110514637,29.807903006200796,False
36,heisenberg_only,37,33.43464538937476,False,19.712162041710737,3.139595855581952,27.80769139126977,False
37,heisenberg_only,38,15.859597843896802,False,19.5695520170967,3.137926939306558,28.89476135240389,False
38,heisenberg_only,39,34.14521892229503,False,20.680542541766584,3.1375471502024572,30.34798613259489,False
39,heisenberg_only,40,34.67097721458396,False,20.477279224451244,3.1397730050733523,29.010539159491476,False
40,heisenberg_only,41,14.151809548324536,False,22.181404878510648,3.140796488226636,30.27086636872898,False
41,heisenberg_only,42,31.411994131126107,False,20.037118534239017,3.1414651675110354,31.134702586654573,False
42,heisenberg_only,43,21.689610933467314,False,20.970467548407616,3.140394006179216,29.443965217376853,False
43,heisenberg_only,44,37.51005775580941,False,19.43632993156748,3.138193219370521,25.97599887251285,False
44,heisenberg_only,45,20.375822918241237,False,18.517629479483936,3.1407671254354845,31.333050555041847,False
45,heisenberg_only,46,17.64382772679206,False,23.206621857657364,3.140481383070103,31.79187695399962,False
46,heisenberg_only,47,34.54055134150904,False,20.6229733845274,3.1380802520321716,28.510560379541634,False
47,heisenberg_only,48,27.343278610691275,False,20.77584730219333,3.141476144312951,29.830664769671472,False
48,heisenberg_only,49,8.191001203924397,False,21.044202754811085,3.1402481065705694,29.884677458832172,False
49,heisenberg_only,50,19.79540024519912,False,19.498775752110905,3.138758842099369,28.22497054887037,False
50,heisenberg_only,51,37.027277555344334,False,21.834546143639958,3.1380865020606956,30.084965112332416,False
51,heisenberg_only,52,0.0024603321503089016,True,19.40846511585019,3.1414736140927304,28.702908379199183,False
52,heisenberg_only,53,32.890681851320466,False,20.05747055131671,3.141148447012668,30.06039224939529,False
53,heisenberg_only,54,17.71188282137767,False,20.981063628631972,3.1413406883755193,30.694356469563676,False
54,heisenberg_only,55,25.502678936955725,False,21.08145006852488,3.1401855859023184,31.48033197615218,False
55,heisenberg_only,56,20.546394551846372,False,20.93331779843393,3.140463698678567,31.355073790585653,False
56,heisenberg_only,57,37.12216740574952,False,20.3152164315079,3.1379608768417118,31.61308952310185,False
57,heisenberg_only,58,38.90968669874867,False,19.973181013405515,3.140749523542259,26.45085330295086,False
58,heisenberg_only,59,24.198052086362466,False,20.526120660647816,3.1406766515919795,31.018009098465825,False
59,heisenberg_only,60,36.26745067425888,False,19.588795646511795,3.137874515143296,29.9113142928443,False
60,heisenberg_only,61,25.247950639239974,False,20.20522530191392,3.138070192824507,30.670284332181787,False
61,heisenberg_only,62,17.551251206100545,False,19.57395281562081,3.141157557416551,28.245930557053974,False
62,heisenberg_only,63,24.1518716517973,False,19.34577562277036,3.14108138097283,28.949895995884397,False
63,heisenberg_only,64,14.907107894965131,False,22.520374192304875,3.1409620597390298,29.620340149062823,False
64,heisenberg_only,65,31.020885194955923,False,19.778547395380585,3.1397466322313363,27.172958293471105,False
65,heisenberg_only,66,40.673285901391516,False,19.370764303470597,3.13740474690632,25.120464787613813,False
66,heisenberg_only,67,37.23219522577972,False,21.45434791491702,3.1389903248417994,30.32060168309463,False
67,heisenberg_only,68,30.763925315102586,False,20.274289102656006,3.139722583730327,29.861514013263296,False
68,heisenberg_only,69,37.669571657618484,False,20.488052681478237,3.1379746097897323,31.979213383030718,False
69,heisenberg_only,70,37.921917135839024,False,20.330372461489592,3.139488300258882,26.116983104637583,False
70,heisenberg_only,71,13.564007330183115,False,19.427543033804096,3.141041765170609,29.299642309414924,False
71,heisenberg_only,72,29.62276870079593,False,19.946181547149095,3.135873598670951,28.46026327465122,False
72,heisenberg_only,73,20.450530188245892,False,19.79651142017865,3.1412543333621716,31.44633583464577,False
73,heisenberg_only,74,19.987122571960093,False,21.624027777520624,3.1408202076630576,30.61485706474516,False
74,heisenberg_only,75,24.429072920719335,False,21.202129062501626,3.141452092061879,29.41736145329576,False
75,heisenberg_only,76,28.466641878562193,False,20.563071318231284,3.1404305351391253,29.482141380681604,False
76,heisenberg_only,77,31.515956913160608,False,21.2509802156229,3.1411880723231462,30.536304771840644,False
77,heisenberg_only,78,29.15091720726958,False,21.00225516701715,3.1415844049897514,30.489765386742647,False
78,heisenberg_only,79,28.453084829679298,False,19.984954004843843,3.140435574917584,27.263326173463856,False
79,heisenberg_only,80,35.241088830475306,False,20.290287996449695,3.139939541150488,29.12690001798851,False
80,heisenberg_only,81,36.94897047184984,False,20.791288624473058,3.1406395135027463,27.241669380013953,False
81,heisenberg_only,82,27.148985245175403,False,20.138362220403636,3.141166227210137,32.2709513519286,False
82,heisenberg_only,83,17.732195186102487,False,18.525598850641526,3.1415028609101663,26.163139485555636,False
83,heisenberg_only,84,8.444988057776275,False,20.253612162950628,3.137871064992642,28.090060513784344,False
84,heisenberg_only,85,8.595087250018445,False,21.12624342835002,3.1409324286477176,30.605755225283612,False
85,heisenberg_only,86,17.39207655244157,False,21.146009933746736,3.140542070115787,28.582516869320315,False
86,heisenberg_only,87,33.75232408791976,False,20.313619483126907,3.139959829585605,31.68031814627461,False
87,heisenberg_only,88,18.418779605526705,False,20.930397982364738,3.1406746639940195,31.927017853863013,False
88,heisenberg_only,89,30.798920614419398,False,21.767742782814448,3.1412014288098806,29.955167560605936,False
89,heisenberg_only,90,20.01760467698562,False,20.735472548283607,3.1381720199989687,32.57289455618287,False
90,heisenberg_only,91,32.04858845285084,False,19.665030407547697,3.1409703245809792,29.457902629587213,False
91,heisenberg_only,92,17.402668216710595,False,20.28062785696875,3.1406005957343233,28.96887469223674,False
92,heisenberg_only,93,19.87120967579147,False,20.147710571782714,3.1395428100583986,26.86944643243413,False
93,heisenberg_only,94,24.020677243420856,False,10.497411081559424,3.13828788431596,20.95510362494171,False
94,heisenberg_only,95,40.0505709209386,False,19.60888652688394,3.141346880324839,28.86759471810389,False
95,heisenberg_only,96,15.573215215599419,False,21.36510897477137,3.137643389825965,29.117363769405536,False
96,heisenberg_only,97,0.0035179954353368225,True,20.668585563689003,3.141586445181689,29.648434801779104,False
97,heisenberg_only,98,36.90480876324545,False,21.165237822822366,3.122625749744188,32.00623707966886,False
98,heisenberg_only,99,14.805185741740015,False,21.482527314420338,3.139922560528961,28.820559088149725,False
99,heisenberg_only,100,31.16166641190781,False,19.94954885520401,3.132534998432379,29.55439903033245,False
100,heisenberg_only,101,29.338543397415506,False,20.885504598152956,3.1410578879691373,30.665558109399527,False
101,heisenberg_only,102,17.2880524007247,False,20.86202283306095,3.140131464560321,29.864620715549652,False
102,heisenberg_only,103,17.70106934298546,False,19.51895821693862,3.1411276455267902,28.431132647980522,False
103,heisenberg_only,104,27.78336033637089,False,20.73673229093835,3.1398496732179577,30.52254576567477,False
104,heisenberg_only,105,26.590646675475153,False,20.91041305338389,3.1402171596753456,29.48301183382041,False
105,heisenberg_only,106,0.0020935514288950917,True,21.458612449894822,3.1414829006907663,26.933233013529613,False
106,heisenberg_only,107,39.07095949632256,False,18.232180468335038,3.134766948412995,27.469771994195366,False
107,heisenberg_only,108,32.816650241027034,False,20.129849326429294,3.1389403053137297,27.674352763884716,False
108,heisenberg_only,109,40.13623016425342,False,20.37233375579823,3.1415309239538676,29.16072527770245,False
109,heisenberg_only,110,39.39175641753629,False,19.94169871745955,3.116137478058776,31.28785477844055,False
110,heisenberg_only,111,30.452156313692402,False,19.68766956905361,3.13302795015211,30.386366975232892,False
111,heisenberg_only,112,22.292884223981677,False,19.746093879939806,3.137109949191249,28.37834701997535,False
112,heisenberg_only,113,38.45487320723069,False,19.577367359293685,3.1111932719721374,29.950240102167104,False
113,heisenberg_only,114,1.4656912747512596,False,20.247349952049458,3.1413924661231345,27.237506379919683,False
114,heisenberg_only,115,24.612267243539044,False,19.38154553552844,3.1395897046055543,30.35035681683156,False
115,heisenberg_only,116,33.19697940798077,False,21.672164001321455,3.141200492875919,26.81375815825736,False
116,heisenberg_only,117,17.134365997765915,False,21.22277168108095,3.141511312011838,31.36982423498482,False
117,heisenberg_only,118,22.145885459884962,False,20.441635703239807,3.138541265632721,28.01284092518648,False
118,heisenberg_only,119,26.32948772871056,False,20.5234421942815,3.1411458255094917,30.617549609118967,False
119,heisenberg_only,120,22.671162724122034,False,18.84744013725812,3.1350726728084854,27.873844874261838,False
120,heisenberg_only,121,36.8717449711949,False,21.7984188877912,3.1414263147282107,31.25234019957355,False
121,heisenberg_only,122,23.708260740240256,False,20.091146375341,3.138870884487778,30.089743120078463,False
122,heisenberg_only,123,38.26697684545151,False,18.8003292865719,3.074181533026961,27.881284370431587,False
123,heisenberg_only,124,35.62936037212274,False,20.366557610446293,3.1413736254772093,29.250860370727256,False
124,heisenberg_only,125,28.734117455788713,False,20.71216385801322,3.140135582845689,30.505006140548783,False
125,heisenberg_only,126,39.34953724749923,False,18.43688628109173,3.141210723632603,28.15144886345382,False
126,heisenberg_only,127,14.924018022202148,False,20.193364581342447,3.1407194266880865,30.24903724980463,False
127,heisenberg_only,128,25.53726116219716,False,20.529313696225646,3.1379837991466983,29.287354473003127,False
128,heisenberg_only,129,39.783803692825174,False,20.758091612958836,3.138854261391372,29.545083847844534,False
129,heisenberg_only,130,28.733768787005047,False,20.621764017523592,3.1379451266180887,28.24959220857264,False
130,heisenberg_only,131,31.806765010804252,False,19.594131887889997,3.1357299975338684,28.70590111345837,False
131,heisenberg_only,132,23.223768682654416,False,20.08576769522116,3.141549261827354,29.40874282579452,False
132,heisenberg_only,133,24.808776884916035,False,21.61241605060932,3.1371429518449627,30.48790094415227,False
133,heisenberg_only,134,32.240914451497275,False,20.170779849421255,3.1413821395547643,28.942739810143255,False
134,heisenberg_only,135,38.621108251262356,False,18.376484809943243,3.1391000421677338,27.170021523449375,False
135,heisenberg_only,136,0.019710315106493747,False,22.460720677569665,3.1413341797645677,29.320764545744876,False
136,heisenberg_only,137,20.727760299299387,False,21.014420448295493,3.139978107307206,29.118088855293088,False
137,heisenberg_only,138,38.42028720582666,False,19.060742129878236,3.104500996073039,27.54297457497616,False
138,heisenberg_only,139,21.732388591619262,False,20.58298230278833,3.140817390391767,28.876578027295754,False
139,heisenberg_only,140,30.20360678611661,False,19.149389752271965,3.1370251215412495,27.53426019067636,False
140,heisenberg_only,141,0.0037614851966364803,True,20.64703202615009,3.1415078195468826,29.855104079084303,False
141,heisenberg_only,142,0.01554932020097623,False,19.952281546201487,3.1414809500589165,29.400914040908518,False
142,heisenberg_only,143,38.09445038874349,False,19.310452169394818,3.141394366438721,27.233242124239947,False
143,heisenberg_only,144,22.01148714212273,False,20.068987235405583,3.1394628898267722,28.75794090133311,False
144,heisenberg_only,145,25.010225961847024,False,21.875182030711606,3.1388940003524812,30.239925973101986,False
145,heisenberg_only,146,20.380668710635724,False,19.936100690021135,3.138594631049598,28.89747076937288,False
146,heisenberg_only,147,27.349372576403674,False,21.49667372622534,3.141103049300691,31.057085738998513,False
147,heisenberg_only,148,37.67702341548744,False,19.808946453032675,3.1405644233420666,31.0467772078433,False
148,heisenberg_only,149,28.478894975395992,False,18.973616396476213,3.1413155614703134,30.13033991491696,False
149,heisenberg_only,150,24.505876301463367,False,20.111694370462985,3.141411703712203,27.31784815079966,False
150,heisenberg_only,151,23.295613928604073,False,19.43004020973204,3.140902610289185,30.117724012944006,False
151,heisenberg_only,152,27.490385988015518,False,19.41823377638292,3.1408799091539965,31.578111646760917,False
152,heisenberg_only,153,26.127664791279205,False,21.19246983400515,3.1414132556031475,30.446947236287286,False
153,heisenberg_only,154,21.694848555373355,False,20.512001199545793,3.1341747023429045,30.441432267935486,False
154,heisenberg_only,155,17.327960741977584,False,20.10161738027156,3.1399786765776065,29.25404522272968,False
155,heisenberg_only,156,33.383676700754314,False,21.733351789742315,3.140411195550833,31.63095243908216,False
156,heisenberg_only,157,33.538069014537314,False,18.653525153792714,3.1193667629575383,28.346012944310257,False
157,heisenberg_only,158,39.14941820894975,False,20.03587501622439,3.13377464493753,29.776760361024863,False
158,heisenberg_only,159,26.82279549394488,False,21.08305950937955,3.1395799958468267,31.305283266674813,False
159,heisenberg_only,160,34.92781486532328,False,19.46178212173676,3.1382629219241487,30.4682102569575,False
160,heisenberg_only,161,32.33219219777952,False,20.52456381889442,3.1367499524222913,29.8468575802263,False
161,heisenberg_only,162,29.26112204707188,False,21.152594761144563,3.137505841349037,29.27277981717157,False
162,heisenberg_only,163,8.792797502820255,False,19.722622329445244,3.1405779428621248,29.638435193533617,False
163,heisenberg_only,164,25.03960904148041,False,19.69782157137473,3.115748972357429,30.12858331844059,False
164,heisenberg_only,165,37.24894117111578,False,18.31417011677964,3.140774539712435,29.48005932897203,False
165,heisenberg_only,166,29.475323074079313,False,20.957592665438153,3.140200408233337,28.630909591568567,False
166,heisenberg_only,167,31.619635846257218,False,20.04754431777131,3.1414552607106607,29.441641592565244,False
167,heisenberg_only,168,28.99094356190068,False,21.03416293566008,3.1369606689873297,32.085928038202226,False
168,heisenberg_only,169,15.39358860142123,False,20.205765320197628,3.139983701240779,31.431349031773962,False
169,heisenberg_only,170,33.48371841479089,False,20.316818116430255,3.1313673118561525,32.060752818770894,False
170,heisenberg_only,171,20.930104626182214,False,20.221271518320012,3.1399068824006484,27.558258116222326,False
171,heisenberg_only,172,0.01637996837314583,False,20.919507658999372,3.141485363588232,30.666116839085106,False
172,heisenberg_only,173,28.260487603111336,False,20.993404627206367,3.1363096720774504,28.733529307456305,False
173,heisenberg_only,174,10.002057316086264,False,21.440011093924234,3.1403599216084372,29.19667486630619,False
174,heisenberg_only,175,33.44100692947829,False,20.054481974756314,3.1368324930996363,27.176707978106446,False
175,heisenberg_only,176,27.660694278594356,False,18.923367005957285,3.140664831280052,26.15560375644328,False
176,heisenberg_only,177,35.20645523645237,False,19.991855197933432,3.1405688257408393,32.325060844155004,False
177,heisenberg_only,178,29.98562509728028,False,20.441648551006264,3.141546678460104,30.20090301354743,False
178,heisenberg_only,179,17.742011766997674,False,20.54107103811392,3.1383013059515106,31.56344928307164,False
179,heisenberg_only,180,37.465490181072326,False,19.361403927021396,3.1154373763925847,31.645735498759283,False
180,heisenberg_only,181,36.31905186120858,False,19.971309174140515,3.1390322532341717,29.826706481635473,False
181,heisenberg_only,182,0.05011569350278011,False,20.098215585142942,3.141346043211202,32.3786454814558,False
182,heisenberg_only,183,27.353343406296354,False,20.83977679897303,3.1406119713147955,28.314024675676432,False
183,heisenberg_only,184,13.464135134325405,False,21.374954303325953,3.1401643270177537,30.72541527557487,False
184,heisenberg_only,185,31.52343865645026,False,19.864372371974927,3.139855095890293,29.352177825180057,False
185,heisenberg_only,186,30.06703547368416,False,20.76593193146117,3.1410920698562457,27.621323010463275,False
186,heisenberg_only,187,30.11046113041269,False,20.082269889239377,3.141138982313022,31.632875145986677,False
187,heisenberg_only,188,23.606513425480593,False,20.32307271450235,3.140902956319467,28.816757038954428,False
188,heisenberg_only,189,8.93511390528042,False,21.013253078291015,3.141087890803055,29.142239568170112,False
189,heisenberg_only,190,17.938501139516397,False,20.282021678168665,3.1374062018780187,31.392012724257643,False
190,heisenberg_only,191,24.302311021952136,False,20.090314888073838,3.138769101298486,30.15031204443953,False
191,heisenberg_only,192,0.003907562636847796,True,19.947982470777582,3.1415072644655595,26.815681118912646,False
192,heisenberg_only,193,40.15466420533747,False,20.876164975123263,3.138415060233953,29.655402247211814,False
193,heisenberg_only,194,38.948831424964666,False,20.800275676773598,3.1220078652925034,28.41333868376247,False
194,heisenberg_only,195,35.139552144972306,False,20.345087256654136,3.140085216694173,29.31227971497346,False
195,heisenberg_only,196,28.004301225520322,False,20.42482300386528,3.1394166062470354,28.288646455730685,False
196,heisenberg_only,197,31.224338452232193,False,19.58796014577612,3.1300842565540137,31.016035774210703,False
197,heisenberg_only,198,33.54996029232855,False,19.97431998822438,3.1375240174348624,30.542750748053976,False
198,heisenberg_only,199,32.087688197891346,False,19.10910312093079,3.1409925948387736,25.85522273427772,False
199,heisenberg_only,200,37.95785467511718,False,19.85948345546979,3.1395603214112793,29.851727313394946,False
200,heisenberg_only,201,0.004565906301001248,True,20.466408388686574,3.14123584679463,27.500368939178223,False
201,heisenberg_only,202,29.728545801524294,False,19.193988548495017,3.1409027747691542,28.45148691831093,False
202,heisenberg_only,203,28.476172569385554,False,21.67954196053773,3.1380621357930916,31.39788978378299,False
203,heisenberg_only,204,21.28065528156849,False,21.93696124977587,3.1407816671812547,28.21007247110936,False
204,heisenberg_only,205,29.045250312279265,False,20.060376969252275,3.137168529784117,30.40215482205408,False
205,heisenberg_only,206,23.314088997928486,False,18.977143842121606,3.131363317470033,29.195425545755153,False
206,heisenberg_only,207,21.19840185038411,False,20.40242205110504,3.138713489810886,28.350096581630908,False
207,heisenberg_only,208,17.753158331322766,False,20.438611147953296,3.14013532254776,28.245676923617683,False
208,heisenberg_only,209,21.811591696132865,False,21.140831522120724,3.140450098442958,28.523347320990993,False
209,heisenberg_only,210,26.285421469239477,False,20.000570755404574,3.141477791622324,29.010797209393218,False
210,heisenberg_only,211,0.022498296316736558,False,21.55234827801913,3.1407874939595803,30.442351786872706,False
211,heisenberg_only,212,20.5768951272424,False,21.087457583041104,3.1412581637522745,29.61169049560586,False
212,heisenberg_only,213,31.237046206332195,False,20.513945496305478,3.1354736562911443,29.30121310318534,False
213,heisenberg_only,214,1.808353766281798,False,21.960106733741178,3.14159244682679,29.910440335065086,False
214,heisenberg_only,215,34.45893079799228,False,22.41508297697345,3.1401667777884024,31.686452205838503,False
215,heisenberg_only,216,35.38147580293838,False,20.102802914928265,3.140184641736866,32.61487108474996,False
216,heisenberg_only,217,37.85347100749022,False,20.104829640526305,3.1361372717459965,29.16668685684911,False
217,heisenberg_only,218,33.00899220612099,False,19.840708924228057,3.139216357220503,30.113071508629105,False
218,heisenberg_only,219,24.917260806138653,False,19.506744040721486,3.130725855841259,28.00879652932663,False
219,heisenberg_only,220,36.07628300139737,False,19.946239430496593,3.118195448269174,30.251156471166347,False
220,heisenberg_only,221,31.785405450139777,False,19.66755967923858,3.1407528951487205,28.908763029672127,False
221,heisenberg_only,222,0.02028942531168125,False,21.736272861792592,3.140978246936264,30.357158022715122,False
222,heisenberg_only,223,19.320321202188058,False,19.730462304864577,3.1381937097739403,29.484889559792094,False
223,heisenberg_only,224,32.4946682520767,False,18.84823655937201,3.141324351548472,29.644851332147994,False
224,heisenberg_only,225,37.148576952086344,False,21.863544386915017,3.138147602906143,29.88815445255064,False
225,heisenberg_only,226,24.772330107794534,False,19.607798280007014,3.1410991467083402,30.44106907573821,False
226,heisenberg_only,227,15.311865125845266,False,21.546981571781174,3.140003966722591,26.466491355658658,False
227,heisenberg_only,228,38.87272282052221,False,19.340759779235185,3.1393156192386957,28.60503877502933,False
228,heisenberg_only,229,29.220971064654833,False,21.04454807428212,3.1394279223984682,28.131438349449233,False
229,heisenberg_only,230,36.097249532196734,False,21.500967447798153,3.1361181017058177,32.54380845566952,False
230,heisenberg_only,231,33.4479792723878,False,21.662492479981577,3.140125186491269,29.51447088272986,False
231,heisenberg_only,232,33.49946927567218,False,21.637520473889204,3.1412899161757863,28.374049716294202,False
232,heisenberg_only,233,39.26791521299096,False,20.45662489561897,3.1336877517356694,28.23939961370909,False
233,heisenberg_only,234,34.31746183039539,False,19.62691619625309,3.1400521750363364,27.462603514909404,False
234,heisenberg_only,235,8.630278674218244,False,21.34311226572608,3.1403673328928248,28.83970065243896,False
235,heisenberg_only,236,32.560575083888544,False,19.33026361376801,3.1399227297765577,28.438846352761022,False
236,heisenberg_only,237,23.06673142013264,False,18.918830782993854,3.1406844918204637,29.430657512540833,False
237,heisenberg_only,238,0.04091745226629996,False,19.3643531694654,3.141495330535574,30.27459415390002,False
238,heisenberg_only,239,17.536620294414583,False,19.796395428244807,3.1402226722990685,29.321973719324916,False
239,heisenberg_only,240,15.605410171574718,False,18.831330053503866,3.1368538847239886,29.19778356970191,False
240,heisenberg_only,241,39.44473751507239,False,20.46788921166329,3.136438540668296,30.734422525546005,False
241,heisenberg_only,242,21.195742161951713,False,20.936889869060458,3.1407143145283545,31.193460730922116,False
242,heisenberg_only,243,34.517435143699416,False,19.117641132327282,3.1343400072834,30.85753618397197,False
243,heisenberg_only,244,0.0025154454449629643,True,21.101638376220137,3.1414406074816874,28.75762015072616,False
244,heisenberg_only,245,37.94389382678791,False,20.739510956002437,3.1180207282682257,29.69392023091869,False
245,heisenberg_only,246,29.042019397465047,False,21.02982474626038,3.1400886769454885,31.375190445595585,False
246,heisenberg_only,247,17.175868286699938,False,20.151399014203623,3.1370852530406044,29.68352959852517,False
247,heisenberg_only,248,23.916590850560404,False,22.27786168458588,3.140830734810544,31.321761062722814,False
248,heisenberg_only,249,17.893900545679486,False,21.93852627761533,3.140345799971355,28.265540926687283,False
249,heisenberg_only,250,26.077151001195617,False,21.72271295798719,3.137277265834401,33.17825967241502,False
250,heisenberg_only,251,0.024904135175374723,False,20.44323630365392,3.1414274102500537,30.261189587267435,False
251,heisenberg_only,252,0.007697191517232315,True,20.653384640133133,3.141421406443614,28.26308425181468,False
252,heisenberg_only,253,24.85903045595466,False,20.317854998994324,3.1407896733776974,28.221588698621932,False
253,heisenberg_only,254,23.72854100547302,False,19.346005948806145,3.139319089768599,29.60502838158841,False
254,heisenberg_only,255,10.31133653730301,False,19.503243497533195,3.1402041840734363,28.332278792992195,False
255,heisenberg_only,256,39.25785830107457,False,20.83059674719539,3.1340212983525797,27.789716812655183,False
256,heisenberg_only,257,20.21850350760655,False,22.32021797071165,3.139686952152368,29.755252926676622,False
257,heisenberg_only,258,0.04957111784053167,False,20.180582230525534,3.1414708143675796,32.511447135519504,False
258,heisenberg_only,259,17.54256302037409,False,21.393797817929023,3.1401128759821404,29.24737137655493,False
259,heisenberg_only,260,23.707470249306745,False,19.548201265948045,3.141485332983919,26.93061112746554,False
260,heisenberg_only,261,8.456494545997762,False,22.61278220755973,3.1415316457325844,30.0108347102156,False
261,heisenberg_only,262,37.1348607748864,False,19.920578792284033,3.1374048598702347,28.98948353192355,False
262,heisenberg_only,263,29.373929166140925,False,21.41366833625878,3.1316527397580565,31.000269323653242,False
263,heisenberg_only,264,33.310188578618025,False,18.765544781066676,3.1328254845975496,28.5792229775184,False
264,heisenberg_only,265,20.55275210732853,False,19.809053259582008,3.139772033314438,27.566587261788328,False
265,heisenberg_only,266,37.49534981438117,False,20.72575325484254,3.140306571169681,31.388038865726838,False
266,heisenberg_only,267,25.418714346621734,False,20.1170127979277,3.1401778042419033,28.98767639508514,False
267,heisenberg_only,268,38.615468547621376,False,20.298372301655935,3.1388646795038584,30.68750641731287,False
268,heisenberg_only,269,24.624238168072985,False,21.021376604460553,3.1379829059485687,28.96043008850963,False
269,heisenberg_only,270,32.18650703073211,False,19.53345305510951,3.1365280562630335,29.179476033249383,False
270,heisenberg_only,271,30.116706442985723,False,20.546109292137146,3.136029498657498,32.10985624059409,False
271,heisenberg_only,272,19.866693530999243,False,18.854185208937448,3.141020517338907,28.65156287929366,False
272,heisenberg_only,273,16.837213456438676,False,19.746019057422167,3.1411903408477393,28.534303482097773,False
273,heisenberg_only,274,7.935574184655813,False,20.01118848269758,3.1412677826321715,30.07564061848049,False
274,heisenberg_only,275,38.63612545296449,False,20.05027746506628,3.1280994047978083,31.57669505723945,False
275,heisenberg_only,276,29.91647298156311,False,20.82820205678022,3.14140460740328,26.023556359461505,False
276,heisenberg_only,277,0.009181899369636419,True,19.929524407348122,3.141417200400703,31.592915290995737,False
277,heisenberg_only,278,25.350098371032075,False,20.64625771916001,3.139607646031733,27.99801660567822,False
278,heisenberg_only,279,24.369872517670075,False,20.529098240061,3.1413905290384676,29.624291306470024,False
279,heisenberg_only,280,0.05815171684562187,False,20.796109401571997,3.1391235320415234,30.153772982124284,False
280,heisenberg_only,281,22.90343465391559,False,19.742084801538912,3.1415479252048986,29.58497164368331,False
281,heisenberg_only,282,17.31728415652153,False,21.467036912029943,3.1403101493995313,30.965201220244158,False
282,heisenberg_only,283,34.68083159084803,False,19.770630182162215,3.1355117481356087,30.14173120256511,False
283,heisenberg_only,284,39.87563504463239,False,20.13508643356639,3.1388314202476524,29.60744472423387,False
284,heisenberg_only,285,36.62667896170771,False,19.983520574953996,3.132725286153171,28.172876188565187,False
285,heisenberg_only,286,25.774790724383035,False,20.341947108927602,3.1380945493016945,28.470472149430815,False
286,heisenberg_only,287,23.993323018727114,False,20.595891754903327,3.1382585802180127,29.69452936728085,False
287,heisenberg_only,288,18.614662503121714,False,19.826513541262145,3.1343270328033728,28.364235199154155,False
288,heisenberg_only,289,32.296972580072065,False,21.654576545821225,3.14137850251314,30.175226758677738,False
289,heisenberg_only,290,37.75462888674433,False,19.39194829180276,3.1395387806591124,26.704984549506403,False
290,heisenberg_only,291,0.992781352745638,False,21.37524033340612,3.1415783157934305,32.359663881739635,False
291,heisenberg_only,292,8.645120291281447,False,20.148304168940335,3.140369596734457,28.353397272361846,False
292,heisenberg_only,293,0.3857317018627343,False,19.55606881879606,3.1403582477355663,25.269832016369275,False
293,heisenberg_only,294,37.78877642371532,False,19.264250041059245,3.139965375596221,28.131771611824654,False
294,heisenberg_only,295,0.10488215535984782,False,20.099931393217037,3.141425481215191,30.692925705107772,False
295,heisenberg_only,296,27.14869332860079,False,20.92649669947874,3.140810762733132,30.453393947451286,False
296,heisenberg_only,297,0.004042634902850965,True,19.619554053990157,3.1415312092570415,30.31711936108327,False
297,heisenberg_only,298,11.68774519038988,False,20.21037001692057,3.1401997116879894,30.908672251977514,False
298,heisenberg_only,299,38.7830309908548,False,20.090583788153666,3.1413595597907857,29.08027591284221,False
299,heisenberg_only,300,0.012485120495511667,False,22.587728622704937,3.1415510133799245,32.2044409994016,False
300,heisenberg_only,301,31.262474188693744,False,19.35454556647388,3.140421843488186,31.834056563797336,False
301,heisenberg_only,302,28.243193173293,False,19.165900395244257,3.1391286390433066,27.666984493795677,False
302,heisenberg_only,303,26.474842574618656,False,20.988253387483,3.1318635227946947,30.416255779782652,False
303,heisenberg_only,304,40.51548635041529,False,20.104571856864908,3.1373140734711074,29.838570185778885,False
304,heisenberg_only,305,6.23773682146611,False,20.225321241753132,3.1393692118389818,30.277935705100848,False
305,heisenberg_only,306,31.080455550069868,False,18.88599570170959,3.1370985515962273,29.5946995039116,False
306,heisenberg_only,307,40.277097203026074,False,20.78733341890324,3.1364557160101825,30.028684057853134,False
307,heisenberg_only,308,24.72486143091519,False,20.28502264689598,3.1399838350094313,28.56238137735021,False
308,heisenberg_only,309,20.077276536423422,False,22.070200021751866,3.1409614746443815,30.790638361709995,False
309,heisenberg_only,310,20.276391122379707,False,20.48744209682251,3.138103908455223,27.729696457822094,False
310,heisenberg_only,311,38.77277043645382,False,21.12130512256501,3.140652658507186,31.845487919549388,False
311,heisenberg_only,312,28.733994197613224,False,21.282782965154922,3.141494248186188,32.04263263852663,False
312,heisenberg_only,313,0.030599714688840787,False,22.428122795323496,3.141512501811455,32.55747764426713,False
313,heisenberg_only,314,34.77166772127045,False,20.31148832655396,3.0992503653958963,31.573877004300307,False
314,heisenberg_only,315,38.97757643978484,False,19.117554727659332,3.1290344679271564,29.196673051703044,False
315,heisenberg_only,316,31.496337603409195,False,19.47483544810727,3.14133137559447,28.379798228876577,False
316,heisenberg_only,317,20.25143029765715,False,20.409733790226483,3.140113285292676,29.0231492944048,False
317,heisenberg_only,318,37.830157511927126,False,22.025534124296662,3.13550497018952,30.502920779849173,False
318,heisenberg_only,319,38.79406636491558,False,19.405361131079754,3.1400162867752552,27.294056555789506,False
319,heisenberg_only,320,36.49628219900552,False,20.227677625118165,3.1292699340924983,28.482411065814958,False
320,heisenberg_only,321,17.577391181981564,False,20.66778426215945,3.1383562428182996,31.819946303021887,False
321,heisenberg_only,322,27.329142664217848,False,21.361198709628106,3.139579764255047,28.88852631750576,False
322,heisenberg_only,323,21.5025124281839,False,18.60395140454133,3.1401543806592818,28.795248609109045,False
323,heisenberg_only,324,38.93044550225437,False,20.41333223088659,3.1391586032128433,30.86572763627842,False
324,heisenberg_only,325,17.168667961039894,False,19.847290652173278,3.1411424359275903,32.0255131856182,False
325,heisenberg_only,326,16.19628926617195,False,22.15049724430537,3.13791626084837,30.73242175740511,False
326,heisenberg_only,327,29.75606325184428,False,20.98746777532002,3.1396892291783907,31.934864292896375,False
327,heisenberg_only,328,26.182766208866624,False,20.37781385946929,3.140196743891612,30.958509134564395,False
328,heisenberg_only,329,13.166850784089027,False,20.23266237464582,3.1394238044976324,27.942585738104633,False
329,heisenberg_only,330,20.065028163656244,False,20.62518445720369,3.1330516147989522,29.192718402791883,False
330,heisenberg_only,331,29.29337467433682,False,19.557031080697016,3.1405114583153617,28.676300498156387,False
331,heisenberg_only,332,0.03453451458914186,False,20.397968774743543,3.1414011756981512,28.35062118798984,False
332,heisenberg_only,333,25.58760473158461,False,20.86166457069771,3.1414582081868456,30.85022631334759,False
333,heisenberg_only,334,25.38086527491959,False,22.00229318230681,3.1372013143096553,31.438344442040233,False
334,heisenberg_only,335,21.345971346062754,False,21.03806635930821,3.135199937808297,29.30174557281977,False
335,heisenberg_only,336,23.386249076591113,False,20.131743211017053,3.141207706186653,28.183857724549533,False
336,heisenberg_only,337,34.397737011617764,False,19.86330279177033,3.1410129404151594,32.55990303630147,False
337,heisenberg_only,338,24.22676656397578,False,19.0782774646803,3.141074386886846,27.69892518209577,False
338,heisenberg_only,339,29.335861462994913,False,19.303755287349002,3.141514649459868,30.381361965252104,False
339,heisenberg_only,340,36.16970808937579,False,19.02007397733329,3.138691101209929,29.23465346517987,False
340,heisenberg_only,341,32.63382755465407,False,20.42569638377366,3.1404112712292847,29.846762844858294,False
341,heisenberg_only,342,0.013331844752355416,False,21.0178001165756,3.1410732373331123,29.77463854629395,False
342,heisenberg_only,343,0.0017766646695577698,True,20.110994247486968,3.1415698039092455,29.6055962567647,False
343,heisenberg_only,344,13.29181498167387,False,21.651246010620408,3.141356772621246,29.873185602413105,False
344,heisenberg_only,345,17.3690997245497,False,22.29793597811142,3.1413039501519258,30.503090275449782,False
345,heisenberg_only,346,31.989824478895997,False,21.095684805858124,3.137844385146721,28.148605391467083,False
346,heisenberg_only,347,34.03253644292721,False,19.617795451853123,3.1377314874438262,27.45001190377284,False
347,heisenberg_only,348,33.08268645124198,False,20.252791197586465,3.130934970210112,27.854015885721818,False
348,heisenberg_only,349,13.623842988177422,False,22.28364646129309,3.1406819455043467,30.068493911617058,False
349,heisenberg_only,350,30.442278164783918,False,20.633822601836535,3.136367630595812,29.827189529491367,False
350,heisenberg_only,351,17.576390773528633,False,21.412878009138318,3.1397795895634015,30.505318096213806,False
351,heisenberg_only,352,27.902913404833733,False,19.912522027989123,3.1411676668804938,27.531349441379017,False
352,heisenberg_only,353,36.09484347036619,False,20.1399470861053,3.140653182429979,28.865362189747824,False
353,heisenberg_only,354,16.726633498885587,False,20.90457217649491,3.1369959032401065,26.09474129807944,False
354,heisenberg_only,355,0.0014349089175630326,True,21.05409567700421,3.1415058315213384,30.230827088553614,False
355,heisenberg_only,356,28.384602246449568,False,19.076010375572086,3.1400447527496897,26.852189724799796,False
356,heisenberg_only,357,34.09901724207375,False,20.4149978156433,3.1404193729117136,27.80646511657991,False
357,heisenberg_only,358,21.68671093804887,False,21.303602820019147,3.136486181869989,32.236934353629294,False
358,heisenberg_only,359,32.87667184119766,False,18.19937144907655,3.134982074347734,28.511967259008514,False
359,heisenberg_only,360,25.78697253594886,False,21.083189274085875,3.1409959339521896,28.664677101127964,False
360,heisenberg_only,361,32.503794239396356,False,20.833149456768,3.1408432987145076,31.222676070739585,False
361,heisenberg_only,362,24.829765298906537,False,19.968386700487184,3.1386150281684193,27.210014929642917,False
362,heisenberg_only,363,21.098692553979504,False,20.057765273997113,3.138013917473234,30.123551417544544,False
363,heisenberg_only,364,15.52698962903303,False,22.366761016622323,3.141514778892936,29.782767153417804,False
364,heisenberg_only,365,25.930568835673704,False,19.73549786852747,3.1400996915450996,27.796494618507843,False
365,heisenberg_only,366,28.38578068379658,False,19.610628337005025,3.1385878350037135,31.027036757233414,False
366,heisenberg_only,367,0.0033565511487627137,True,20.42053585550094,3.1415799177710726,30.638727417462164,False
367,heisenberg_only,368,31.70184694513943,False,18.979562238624613,3.141396858425723,28.979513462123485,False
368,heisenberg_only,369,8.997517584728932,False,20.029023844848034,3.140359933058265,27.644599117444745,False
369,heisenberg_only,370,24.770508309510696,False,21.653016541244615,3.1407728595628903,30.74349017737997,False
370,heisenberg_only,371,40.77651541414131,False,21.197854686426673,3.1376773994833482,30.08090493725097,False
371,heisenberg_only,372,18.027296304360384,False,20.23389791850021,3.13871083208723,26.089570454981214,False
372,heisenberg_only,373,0.037765640514611176,False,20.778340104857957,3.1413201502856882,31.560262115568722,False
373,heisenberg_only,374,38.83874208881883,False,19.923329188055792,3.140755794611451,28.55204643598267,False
374,heisenberg_only,375,15.135113572651921,False,19.819613097346597,3.1393593707049803,26.980325054896802,False
375,heisenberg_only,376,29.38770252246346,False,18.917103440556584,3.1346840381666974,28.208960433425453,False
376,heisenberg_only,377,17.377744847011456,False,20.778925085258837,3.140190958870493,31.880046273896586,False
377,heisenberg_only,378,30.850923475239313,False,19.875488836789035,3.1404713985143076,28.16389959363254,False
378,heisenberg_only,379,22.167845904476533,False,19.991304857839587,3.130445890890763,28.20708770246518,False
379,heisenberg_only,380,36.18778658996632,False,20.09491047082853,3.140942766294266,27.626885787974523,False
380,heisenberg_only,381,31.033054765897045,False,19.136895408979417,3.1378838943079215,28.267091534491485,False
381,heisenberg_only,382,27.080765616119912,False,21.10731355141304,3.138319433808771,28.67107718286771,False
382,heisenberg_only,383,34.418088013868335,False,19.492896706264336,3.135827899149362,28.916643881788914,False
383,heisenberg_only,384,27.20816567738217,False,19.014522927630228,3.1415156403427194,29.095419862072415,False
384,heisenberg_only,385,29.856185070847005,False,20.134654765067825,3.139402962946356,28.72208709228181,False
385,heisenberg_only,386,1.7812330829823362,False,20.969047094282203,3.141399697768216,28.5482334809078,False
386,heisenberg_only,387,32.22101580789184,False,19.10043019202397,3.130747380396725,31.31745012295899,False
387,heisenberg_only,388,34.260928158700736,False,21.49366224400404,3.1352823147823683,28.80960336836798,False
388,heisenberg_only,389,33.91655448733775,False,18.13919662385627,3.1367359819828033,30.625331022210823,False
389,heisenberg_only,390,34.29056317179727,False,21.510405561553725,3.138488954470322,29.114212374194757,False
390,heisenberg_only,391,34.25743502662797,False,20.569729985567538,3.1347982499659786,30.393701371340164,False
391,heisenberg_only,392,28.58061786995907,False,19.881050696457425,3.1403174555118736,30.729457779468742,False
392,heisenberg_only,393,37.42292712794229,False,20.748963783671662,3.1346561705860125,29.03939811901162,False
393,heisenberg_only,394,23.494399297897964,False,21.621151704194453,3.1413038536840165,31.95269824974747,False
394,heisenberg_only,395,8.490170996662991,False,19.52677249031646,3.140959851276609,27.621215539348263,False
395,heisenberg_only,396,22.379604512308198,False,19.69437618257551,3.131842347225718,30.04936288016234,False
396,heisenberg_only,397,26.452750297037056,False,20.646834608819333,3.137939241783252,29.13089736562278,False
397,heisenberg_only,398,25.974199628850638,False,20.334922028775434,3.14153670083543,28.508941941335785,False
398,heisenberg_only,399,30.438190939302082,False,19.34162461380531,3.1358910597612653,27.562646607521323,False
399,heisenberg_only,400,0.8374594200251646,False,20.5470588003733,3.1405541595240987,26.02564236932336,False
400,warmstart,1,17.442262795758392,False,20.423171103685785,3.139884746245764,28.46567723515503,False
401,warmstart,2,0.005167250449125452,True,22.394306482472004,3.1414036057923767,30.1318525732526,False
402,warmstart,3,0.0005989471335882921,True,19.742489371700724,3.141503255873013,29.4676319319267,False
403,warmstart,4,0.0002954169470654501,True,19.335727634958285,3.1415881627270243,27.552246159970622,False
404,warmstart,5,0.0029948644295837764,True,20.842501163632623,3.1414271795546886,27.310271038134665,False
405,warmstart,6,0.0010746108959153403,True,21.83758192111493,3.141407820862753,29.593964694737362,False
406,warmstart,7,0.0044766762365043514,True,20.76804333662839,3.1412434682516652,32.374495695693426,False
407,warmstart,8,0.04120154214451381,False,20.497185028175814,3.1406028640839923,31.648997909719586,False
408,warmstart,9,0.011961705539032171,False,20.818281497014826,3.1414893054961412,27.289340924539108,False
409,warmstart,10,0.010232146174991059,False,22.85367910616949,3.141556072233991,29.846111577894167,False
410,warmstart,11,0.00018358199211314992,True,19.747790985699034,3.141277988209228,26.691205404601163,False
411,warmstart,12,0.03358894357859846,False,19.52718372010918,3.141189919944021,28.368275202739817,False
412,warmstart,13,0.028072891590306927,False,18.673624637823185,3.140742726173812,29.387821013544798,False
413,warmstart,14,17.389924694326773,False,21.202699671750235,3.140940803787741,29.00472196084113,False
414,warmstart,15,0.026279698299140557,False,20.42534701226157,3.1412203072302045,27.498431819163702,False
415,warmstart,16,21.34278268009848,False,21.61341161271441,3.139897094066308,27.151528194646865,False
416,warmstart,17,0.013286231380688705,False,22.158162528598154,3.1412831656967963,28.71156077148227,False
417,warmstart,18,0.025395056612806097,False,21.59248560152638,3.1414965924438114,28.11214968710458,False
418,warmstart,19,0.0035790977800759403,True,20.47107235818703,3.1415549366922395,29.845358555279574,False
419,warmstart,20,0.0025791326924527016,True,21.215656106861378,3.1415802829795627,30.822217443876934,False
420,warmstart,21,0.003107712053385218,True,20.681666371069813,3.1415925944943606,27.637306242529867,False
421,warmstart,22,0.0006690421964487832,True,20.686459349780094,3.1415912454974935,29.82323021376341,False
422,warmstart,23,17.40461090431075,False,19.654453619237824,3.1402835217636387,29.712156815089063,False
423,warmstart,24,0.027394941277035935,False,19.607041475948304,3.14150520093041,28.200437212813476,False
424,warmstart,25,0.011666207410239311,False,20.989121922181887,3.1414359673517254,31.139425921345662,False
425,warmstart,26,0.00189830944228593,True,19.46233769371196,3.141513777806896,27.26334508520401,False
426,warmstart,27,0.016805185140545353,False,20.3015252943953,3.141463800647762,30.491557810209155,False
427,warmstart,28,0.0007847451068864631,True,20.858057699175834,3.141469406987726,27.75397100413698,False
428,warmstart,29,0.0019552131131744905,True,20.483022348507944,3.1414464130286808,30.223753858678933,False
429,warmstart,30,0.022804549083610404,False,21.345009342792853,3.1415485432380805,29.81244837771333,False
430,warmstart,31,0.014699589133476514,False,21.719697282601153,3.1415881979627356,30.265939614721287,False
431,warmstart,32,0.002768737253021586,True,19.695016367575075,3.141526525016456,31.770117552645306,False
432,warmstart,33,21.343569322544212,False,21.633375615478066,3.141563474352668,30.323986081579996,False
433,warmstart,34,0.029167926204730014,False,18.94405637429858,3.1413646824251478,27.539656789722834,False
434,warmstart,35,0.028095332409047755,False,21.325847021647164,3.1415820110510655,30.621897874772714,False
435,warmstart,36,0.008057053065677966,True,21.429274758429383,3.141429978934692,28.804465350319667,False
436,warmstart,37,0.0041220780487398155,True,20.853901531156776,3.14154164811395,27.80819631876965,False
437,warmstart,38,0.8588728241235037,False,20.884167395286863,3.14149417552132,31.013452592621817,False
438,warmstart,39,0.0034603251389367226,True,21.579625118409485,3.1414678960417337,29.522022791731295,False
439,warmstart,40,0.008920745564956884,True,19.386554790655275,3.141554504127452,26.693363182124305,False
440,warmstart,41,0.0025374173615611167,True,22.397602895296025,3.1415156124827956,28.580791830125968,False
441,warmstart,42,0.0010038437381776424,True,21.290993497823926,3.1415340819284143,31.782731466125618,False
442,warmstart,43,0.0006581261055582511,True,21.48500927449123,3.1415748140887976,28.850816870841285,False
443,warmstart,44,0.000181219738519589,True,20.13156650901859,3.1415920365134955,27.71183590116903,False
444,warmstart,45,0.014543428661105905,False,19.45701182532303,3.1414960453020804,27.857986095366144,False
445,warmstart,46,0.004799348175068374,True,23.41980343636199,3.1415442285007007,30.64779890832286,False
446,warmstart,47,0.00043628247889836386,True,21.002665986641293,3.1415668112619786,29.295289983547125,False
447,warmstart,48,0.017118328409141924,False,20.685250754365374,3.141424197865746,30.34666756438493,False
448,warmstart,49,0.018311609856753522,False,21.50336792592354,3.1413902742233173,29.907555945421187,False
449,warmstart,50,17.574501726447156,False,19.77154811903294,3.140587468235802,26.44415896413422,False
450,warmstart,51,0.00893412402033354,True,21.68210869003651,3.141030993103666,29.309014344849555,False
451,warmstart,52,0.004046584905980418,True,19.587857310195428,3.1411502932232693,29.251760185432175,False
452,warmstart,53,0.0012071140516250645,True,21.081570824387402,3.141590495020302,29.895764448200367,False
453,warmstart,54,0.014330188862898182,False,21.237286639906042,3.1415167403972237,29.529962796874607,False
454,warmstart,55,0.0018811773325470903,True,21.010019756672442,3.1415043020768767,29.863276868889955,False
455,warmstart,56,0.016967121786158935,False,20.46348471345054,3.1415163621262696,29.754978258986238,False
456,warmstart,57,0.01818553123023523,False,19.624923246638087,3.1413899851623786,31.39354648036371,False
457,warmstart,58,22.107680231326725,False,21.253048907982336,3.1369550753913122,26.83922528700909,False
458,warmstart,59,0.0021003159336702155,True,22.01029584001381,3.1414386419892733,31.97367756522983,False
459,warmstart,60,0.0018705442227154464,True,19.742248503859514,3.1415149630443677,30.531480003773616,False
460,warmstart,61,0.0010002911298401947,True,19.685425044570135,3.141371344743162,29.226633716033334,False
461,warmstart,62,0.022772541872389817,False,18.966611689883255,3.1414233821879245,29.879305505687714,False
462,warmstart,63,0.010226627859380616,False,19.70835283890469,3.1413421454213033,27.981550983813147,False
463,warmstart,64,22.082819810618236,False,22.302185171562176,3.1409262539897655,28.827792406908266,False
464,warmstart,65,0.015903482275767603,False,20.443372995468653,3.141526843067064,28.70302803211047,False
465,warmstart,66,0.0018721218822339675,True,20.662846760490616,3.1414951916928127,27.983283861806775,False
466,warmstart,67,0.01823044577308311,False,22.300809631734758,3.141468966769083,30.511475588240767,False
467,warmstart,68,0.009363279633915944,True,20.47533446892243,3.1412180642413112,30.82946645246362,False
468,warmstart,69,0.0015684962647844426,True,20.471065402961838,3.141545854849408,34.094929318595995,False
469,warmstart,70,0.03574116391301134,False,20.078417785411453,3.141554938923832,25.45224798413426,False
470,warmstart,71,0.0031239838665040984,True,20.236011729687014,3.1414603740024942,28.438539858975908,False
471,warmstart,72,0.022779309248561447,False,20.777819136795998,3.140724682684233,31.186507400811244,False
472,warmstart,73,17.64170135357677,False,19.819075065236763,3.1414612538284103,30.522963906294954,False
473,warmstart,74,0.02029065619324876,False,21.58684702307989,3.141463062245558,29.946758842850965,False
474,warmstart,75,0.007766557513301153,True,21.90102012076942,3.1414286101004185,26.586827195054248,False
475,warmstart,76,0.010520536392978607,False,20.937138324397168,3.141311524494613,29.585840090580533,False
476,warmstart,77,0.0009733244524628889,True,21.2639996712355,3.141580649702531,32.43738502805379,False
477,warmstart,78,0.002397904529823389,True,22.49279496785752,3.1415205460141147,30.976027361014346,False
478,warmstart,79,0.00858323006841474,True,21.2523304186572,3.141450318495406,27.711291466949767,False
479,warmstart,80,0.016684124031263972,False,22.24368789791347,3.1414683992598773,28.339865735208715,False
480,warmstart,81,0.011527633288365,False,21.706886722375433,3.1413958841805627,28.755001621281323,False
481,warmstart,82,18.361334996596533,False,20.98557448495935,3.1392856168602687,30.948308636540673,False
482,warmstart,83,0.011172153985966366,False,18.95557419907716,3.141408453212028,24.681623142726327,False
483,warmstart,84,0.010982158562798622,False,21.217263198177907,3.141533976433523,29.258636099507644,False
484,warmstart,85,0.008809753959704979,True,20.46005708977649,3.1415481892306296,30.41131025995607,False
485,warmstart,86,0.011497558172446356,False,20.83788898711938,3.1415619402046335,29.49722649651715,False
486,warmstart,87,0.002668274584334345,True,21.515398283472845,3.141256841070304,30.644244688991296,False
487,warmstart,88,0.0018998800724472859,True,21.576725981838045,3.1415448946248388,31.881181553684765,False
488,warmstart,89,0.011160073964138964,False,22.485387014634014,3.141346022035659,30.06100964397813,False
489,warmstart,90,21.278180455126964,False,19.904931588597094,3.140551401198474,31.40672814950327,False
490,warmstart,91,0.006691164451972782,True,21.286207630877215,3.1415294328333574,30.065063735858846,False
491,warmstart,92,6.005789741788207,False,21.060710596006018,3.1413807457246543,30.870454221364835,False
492,warmstart,93,1.703765159210433,False,19.46305717295807,3.140705994223695,28.554429716643483,False
493,warmstart,94,5.191383801680446e-05,True,0.0,0.0,0.0,True
494,warmstart,95,0.013635726668335357,False,20.316899235859363,3.141431920217709,28.041964139641,False
495,warmstart,96,0.0125697416296726,False,20.438967665696808,3.1413879637794997,29.878498724359158,False
496,warmstart,97,0.001660213543924845,True,20.287714101165566,3.1415581297910347,29.49835490551346,False
497,warmstart,98,22.183824975535124,False,21.528128562476176,3.140740681626953,33.003149493217734,False
498,warmstart,99,0.012462094866012668,False,21.221399112115368,3.141120565978899,28.252014801994115,False
499,warmstart,100,22.07294006756414,False,20.270744609000115,3.141479730598066,29.105718833945655,False
500,warmstart,101,17.252876159397474,False,21.346553570462326,3.1408505997959217,30.418159183934524,False
501,warmstart,102,0.004792588392441129,True,20.70269885481653,3.141479002426772,30.133151993915543,False
502,warmstart,103,0.023568728632790335,False,19.223647468408544,3.141447758001986,28.515974955734542,False
503,warmstart,104,0.011577738640707862,False,21.846339256605958,3.141469943289059,30.014657549116293,False
504,warmstart,105,0.027811011344394027,False,21.438713750816408,3.141316803282879,30.72595419596344,False
505,warmstart,106,0.010546486778852442,False,20.868864581629307,3.1405216426582,27.737812371429047,False
506,warmstart,107,22.078697104714,False,18.96792968138673,3.1410842504194214,28.393978448672126,False
507,warmstart,108,0.031606595596145606,False,20.626739121677197,3.141406853870455,27.504179507545846,False
508,warmstart,109,0.002010834801566646,True,20.059920741981074,3.1412516914620223,29.604781712900586,False
509,warmstart,110,0.011930939190600422,False,19.792660249380067,3.141327751410879,31.105491979475435,False
510,warmstart,111,0.01503280615292962,False,18.654255847239146,3.141490743112131,28.920848942280653,False
511,warmstart,112,0.0005456875628660964,True,20.569264657073827,3.1415808340286064,30.561283526595034,False
512,warmstart,113,0.002738120382697965,True,20.429372448541976,3.141509917170546,26.368947253387663,False
513,warmstart,114,0.010365482207651135,False,21.073816075741895,3.141366538309074,27.848896340292608,False
514,warmstart,115,0.02869621689367065,False,19.6569695746614,3.139974927053025,31.566123880178456,False
515,warmstart,116,0.004685544610125655,True,20.702825175077848,3.1409206574207253,28.39191670426778,False
516,warmstart,117,0.03340347916467192,False,21.11432627009152,3.1414953099597405,29.881192625949314,False
517,warmstart,118,0.002596286195564961,True,20.6846887253037,3.1414978128563034,28.5450266673932,False
518,warmstart,119,0.059123963453137744,False,19.646019174914002,3.1413708461896546,29.46956779344702,False
519,warmstart,120,18.548256406348337,False,19.035720586020265,3.141431396541877,28.110982402905794,False
520,warmstart,121,0.014518243609283278,False,22.378653493797238,3.1415284312178073,31.403767757711826,False
521,warmstart,122,0.00010838578175833534,True,20.134038059664885,3.1415398094198568,31.36245082039015,False
522,warmstart,123,0.0005019807265752759,True,20.102315754413723,3.1414914011361557,29.638014569338594,False
523,warmstart,124,20.929074784382927,False,19.877272740724024,3.141363628937813,27.357370614737768,False
524,warmstart,125,21.391859826910473,False,20.087034212531595,3.140807854968269,31.117664580303273,False
525,warmstart,126,0.002854071607748632,True,21.058716830085427,3.1414402198548075,28.462489521219016,False
526,warmstart,127,0.00614434057230276,True,20.039111021786827,3.14141906344247,29.71024877294393,False
527,warmstart,128,0.011565552912936664,False,20.585626140301656,3.1415538731910644,30.283053712654695,False
528,warmstart,129,0.00805727013143023,True,20.29041617858622,3.1414474421495817,29.330958801297747,False
529,warmstart,130,0.001126444563438238,True,21.80746368225525,3.141566093061825,29.153279813403323,False
530,warmstart,131,0.00969298246065273,True,20.443217228042958,3.1415001094128954,28.733151237012496,False
531,warmstart,132,21.704007070916322,False,19.312973662487327,3.1396070378194327,28.990383145311885,False
532,warmstart,133,0.010571262524887822,False,22.093124446281216,3.1415490195601903,29.896618207563485,False
533,warmstart,134,0.0022267095622720764,True,20.45816949285923,3.141506578781412,28.244189649797278,False
534,warmstart,135,0.016987473543872318,False,19.552781065077514,3.1414573809153676,29.282002553925985,False
535,warmstart,136,0.0009375453727240471,True,22.844151343897195,3.1415489720747782,29.472482224959325,False
536,warmstart,137,0.015035498335686553,False,21.88187440065309,3.1415857305581083,29.208991179585503,False
537,warmstart,138,0.024150101755936723,False,20.668049826859054,3.1400176551799612,29.03521638814468,False
538,warmstart,139,0.0006794638977648685,True,20.762707621047035,3.1415568674028194,29.128257482073305,False
539,warmstart,140,0.0033392624218272506,True,20.48316718304101,3.1412120048344576,29.511924409369676,False
540,warmstart,141,21.584817852044516,False,20.890335344649706,3.1385231132017015,30.19044247109715,False
541,warmstart,142,0.009670041920160995,True,20.30955836468693,3.141429009402861,30.555590756265772,False
542,warmstart,143,0.0010885509875383137,True,19.873043517500797,3.1415771035234976,29.45934908449024,False
543,warmstart,144,0.001283208086089409,True,20.058776711841304,3.1415747124225297,28.113654368617368,False
544,warmstart,145,0.00804402609299491,True,22.299802453443366,3.1415055918976895,29.740378216486015,False
545,warmstart,146,0.0028541946932573487,True,19.918369634543076,3.1411466813593734,29.42662681218854,False
546,warmstart,147,0.020173909183243747,False,21.81852215644187,3.1411923803428294,28.403250862781327,False
547,warmstart,148,17.398421346898665,False,20.42612366631084,3.1415075391762306,29.310962275879074,False
548,warmstart,149,0.03319593030139943,False,19.10924153541204,3.1412493101236905,30.765022820086507,False
549,warmstart,150,0.03760584675099066,False,20.672651154035474,3.14105719963697,29.058869614965065,False
550,warmstart,151,0.009860168083939498,True,21.8634459121644,3.1413968243025794,30.798126535930436,False
551,warmstart,152,0.018016377859351375,False,20.546781911867004,3.14144850151398,29.506990215103063,False
552,warmstart,153,0.02485389323431024,False,21.737544314506717,3.1414518499220794,30.680409714722007,False
553,warmstart,154,22.091097604290024,False,21.317192068973917,3.140521058021122,31.77189869653579,False
554,warmstart,155,0.03176451048438497,False,20.3136386719056,3.1404701989140857,30.24919054788352,False
555,warmstart,156,0.016070450391288325,False,22.04570370733637,3.141458886383935,31.03889782427368,False
556,warmstart,157,0.0011904616465796291,True,19.13372041054555,3.141568868252447,28.355494615830438,False
557,warmstart,158,0.01242061896651729,False,21.085280156819632,3.1413297415356816,31.0925259399259,False
558,warmstart,159,0.02192440539326765,False,22.147315597884038,3.1415663022272993,30.71587510112897,False
559,warmstart,160,0.02033270983236524,False,19.08703137113529,3.141281808495182,29.523824967441257,False
560,warmstart,161,0.0013014092289632948,True,20.741974427577425,3.141544697635763,28.405743687855654,False
561,warmstart,162,0.01239462823130351,False,20.996530069838936,3.141370758504194,29.675335501253027,False
562,warmstart,163,0.016138522527346648,False,19.97340513812792,3.1415064794811207,31.313632229676504,False
563,warmstart,164,18.47028835412032,False,19.962121244942118,3.1396083170510343,30.20999560697108,False
564,warmstart,165,0.006929080840940351,True,19.6649920577702,3.141506699584296,29.092089773153482,False
565,warmstart,166,0.0005401054806152606,True,20.413072724756898,3.141554951969532,26.7433176311127,False
566,warmstart,167,0.0031717794792641297,True,20.136517872664356,3.1415828464806843,28.934322355013904,False
567,warmstart,168,18.338693662954324,False,20.670667433018878,3.140506950583015,32.991503999866616,False
568,warmstart,169,0.0027251949219895483,True,21.180342807821656,3.1412094816940215,31.88582406551143,False
569,warmstart,170,0.024091041575870636,False,20.78488441848818,3.1408711712261193,32.55734806805248,False
570,warmstart,171,0.0009084726087050554,True,20.352116552852507,3.141540916266666,29.351099803378624,False
571,warmstart,172,0.00840742882403567,True,20.948625076935993,3.1411570522876247,28.329033332857914,False
572,warmstart,173,0.012871902044739435,False,20.89385963115052,3.140925333922443,29.44507509011608,False
573,warmstart,174,18.004477797664553,False,21.713545217812054,3.1411782423675216,30.322954170963726,False
574,warmstart,175,0.009418571648405845,True,20.899080997775563,3.141318015593158,28.48989139814605,False
575,warmstart,176,0.023239468867638936,False,19.60121537375753,3.1415746663071067,28.553738408132755,False
576,warmstart,177,0.02410558589540839,False,21.412874788776268,3.141450387585422,31.063507250367874,False
577,warmstart,178,0.02629400336924394,False,20.204957107019137,3.1405994851857937,31.060517728465875,False
578,warmstart,179,22.063139476033435,False,20.646243939223037,3.1414273552409107,29.291236727479696,False
579,warmstart,180,0.01806117244527054,False,20.09039918378529,3.141451895498358,31.166160555502177,False
580,warmstart,181,0.02239065045526201,False,19.80387884040889,3.1409482758964957,28.364214540577304,False
581,warmstart,182,0.009600795505404627,True,18.804663467191325,3.1415780092006873,29.59626522255303,False
582,warmstart,183,0.0004119537723803338,True,20.983745131528693,3.1415923716678904,27.608866410728588,False
583,warmstart,184,0.008261012612368224,True,21.997112276677022,3.1413471124005694,30.24564038198281,False
584,warmstart,185,0.017854523406703248,False,21.306208581104265,3.1411302577084115,30.50472852052137,False
585,warmstart,186,22.14658253508034,False,21.621667510121174,3.140772005379823,27.72604521585475,False
586,warmstart,187,0.01938173721110626,False,21.024926894546244,3.141444307738804,32.358995060870136,False
587,warmstart,188,0.0007536482075488399,True,20.046588105683465,3.1415012509132616,26.944434683867726,False
588,warmstart,189,17.225183043595138,False,21.55905099885176,3.1408634470957333,31.08095181956589,False
589,warmstart,190,0.010197866580953497,False,20.211716312122807,3.140949709207616,31.42171800774078,False
590,warmstart,191,0.004658650892179138,True,20.865331426398566,3.141587153480036,31.685998016946346,False
591,warmstart,192,0.0027125792118142884,True,19.439383281877024,3.1414572882817335,26.599920343690485,False
592,warmstart,193,0.017878818177752127,False,22.077470481596347,3.1415150035117216,29.32374093428052,False
593,warmstart,194,0.002856560614831875,True,21.468221439154263,3.141565565476495,29.266125151146706,False
594,warmstart,195,0.001824883768947363,True,20.684462678917388,3.1415880897689434,29.985105316358936,False
595,warmstart,196,0.0033763353952677246,True,20.67832837611815,3.1415297827018454,27.452887743905737,False
596,warmstart,197,22.105485491632244,False,18.879989067038824,3.1402124046870252,28.875606271564102,False
597,warmstart,198,17.908359556899352,False,19.88993328509037,3.1350236005296432,29.262755232503295,False
598,warmstart,199,0.00192015144720482,True,20.280151276945436,3.1414929855163862,29.078703964837448,False
599,warmstart,200,0.00045236856957376383,True,20.730336056438947,3.141588913285794,29.799436359470665,False
600,warmstart,201,0.004893901754623099,True,20.490843455605454,3.1414924185198787,27.64569639801376,False
601,warmstart,202,0.006147417730216156,True,19.360668216897576,3.141515123808654,26.74622727551894,False
602,warmstart,203,0.02035996942906716,False,22.228568569575415,3.14146288259396,30.850415395363576,False
603,warmstart,204,0.007042081704934533,True,21.560675702953034,3.141545208567969,30.96218873299861,False
604,warmstart,205,21.792554090362174,False,20.374382424091227,3.13606122038422,30.86743117753527,False
605,warmstart,206,0.0005964668742977775,True,20.296313139299254,3.1415074395014706,29.474551248588913,False
606,warmstart,207,0.02566526628946817,False,20.454767767130072,3.141026091073614,29.769142436682156,False
607,warmstart,208,22.130787404910983,False,20.124006197093237,3.1415760215237674,27.892632538583392,False
608,warmstart,209,0.002903766829730137,True,21.2520241951757,3.141247207615864,27.651170192394996,False
609,warmstart,210,1.9147844920703077,False,20.825253842213435,3.1404545973806446,27.96440639316339,False
610,warmstart,211,22.093827201560114,False,20.4029998820218,3.139119599174916,28.050492637683963,False
611,warmstart,212,22.089763132398424,False,20.734848800206382,3.140569641537901,29.767329756679963,False
612,warmstart,213,0.012488411819846544,False,20.49269869493585,3.141567600110795,30.254665524607272,False
613,warmstart,214,0.0022559127565966557,True,20.650472372146922,3.1414879193181307,28.62459835975266,False
614,warmstart,215,0.01233376183868971,False,21.95851428031865,3.1415926085236237,30.942687205528372,False
615,warmstart,216,0.002792489950169529,True,20.819477411763327,3.1414973211694313,31.05062665555661,False
616,warmstart,217,0.0008507901819790756,True,20.34314609033569,3.1415644336528032,27.88637092866506,False
617,warmstart,218,0.005188480469393533,True,20.010461832385783,3.1406278665452603,28.847280530695194,False
618,warmstart,219,0.002808621240067412,True,20.979626104026217,3.141542214963095,28.30994146347293,False
619,warmstart,220,0.00948775700537845,True,19.742135887586226,3.141437600204087,29.19903311598808,False
620,warmstart,221,0.0008626135484129172,True,20.330009922571747,3.1415085626276067,28.780589915608825,False
621,warmstart,222,0.0019363306878519761,True,21.778527842073917,3.1415908152272154,32.871690078085024,False
622,warmstart,223,0.04137602685339681,False,19.054192429647383,3.140897000987536,26.283939659828544,False
623,warmstart,224,0.05118122951293265,False,20.388293003752672,3.141511587509525,30.59143281620558,False
624,warmstart,225,0.010315512579103675,False,20.95262272923017,3.141547426038798,31.16243065235012,False
625,warmstart,226,0.0212895645377011,False,20.89232487166395,3.14140958815695,31.356720223529315,False
626,warmstart,227,0.0021122709509377494,True,22.073984329826178,3.141313402110675,28.55118109611301,False
627,warmstart,228,0.0005113570146253085,True,20.39291953469784,3.141452401618226,28.89714211040183,False
628,warmstart,229,0.028167429225628073,False,21.04298669347301,3.141155868159201,29.633256780085976,False
629,warmstart,230,0.017960220658767408,False,21.366313226330487,3.1405922894591862,31.981917222343032,False
630,warmstart,231,0.0014082317529224857,True,22.309957785541695,3.1415023410540943,30.51025578624558,False
631,warmstart,232,0.020294886800592594,False,21.775181189391336,3.1414231450565477,28.794198534859923,False
632,warmstart,233,0.004957051848558235,True,21.56061213834124,3.141069826926625,32.0711828629443,False
633,warmstart,234,0.012918921408742276,False,20.48811991765994,3.1410221111091245,30.35737677716331,False
634,warmstart,235,0.02644578723568662,False,21.086350516091724,3.1414612237626667,27.756194368504005,False
635,warmstart,236,0.002764607588057178,True,20.83125028532096,3.1414859560899298,29.748972694149277,False
636,warmstart,237,0.013099266098836748,False,18.578106706513996,3.1397356246114274,29.600211581084398,False
637,warmstart,238,0.007535350917978567,True,19.378993071874234,3.1410566470976304,27.92552461496639,False
638,warmstart,239,0.012388932214819274,False,19.745394162073907,3.1414486221109987,28.469835705313404,False
639,warmstart,240,0.010556202960565902,False,20.861594273507993,3.1415874667667927,29.47255230660585,False
640,warmstart,241,22.137657500749775,False,20.46754068616304,3.1415253315129408,29.707698342857892,False
641,warmstart,242,22.00007178865382,False,20.911689661645408,3.139207294435912,31.568613211656725,False
642,warmstart,243,17.701530568414874,False,19.39426405364517,3.1413745770417587,31.355665225445122,False
643,warmstart,244,19.548265730776816,False,20.79751459343569,3.1300584543977514,29.012314942935216,False
644,warmstart,245,0.0028651014697428172,True,20.848820179065104,3.1415916776317747,30.107049061126908,False
645,warmstart,246,0.006569631082590275,True,20.927439443318622,3.141572879990009,30.444409561724832,False
646,warmstart,247,22.545433573731458,False,19.988466530140684,3.1383040762770316,30.544211235176434,False
647,warmstart,248,0.016484349622283994,False,21.242843044896667,3.1413091959051664,30.542572839200332,False
648,warmstart,249,22.145213586406065,False,21.398207545567878,3.141464315886865,26.39735746409318,False
649,warmstart,250,0.00683801342422463,True,22.283211334845287,3.141493022838461,34.44437833440376,False
650,warmstart,251,21.9949461243963,False,20.466628754058487,3.140128698664757,31.057304206218138,False
651,warmstart,252,0.0016636720835293754,True,21.146899283512216,3.141566172107048,29.854758431862926,False
652,warmstart,253,0.0057401514315414725,True,21.1086969411089,3.141438607468439,30.571785082621638,False
653,warmstart,254,0.002771014274934806,True,18.905315707314188,3.1415332769323214,28.989372710358072,False
654,warmstart,255,0.012851082365000302,False,19.709156219102656,3.141542787207811,30.582154072825684,False
655,warmstart,256,17.302329517813032,False,20.925408044264106,3.134042805228924,27.620428678697326,False
656,warmstart,257,0.02409502435332316,False,21.52486921424388,3.1415578503542285,29.304440445873844,False
657,warmstart,258,22.0419398442142,False,21.114914721379165,3.1415691859950376,33.69540993064676,False
658,warmstart,259,0.034579638019843484,False,20.73106181194137,3.141355618627726,29.26664309544898,False
659,warmstart,260,0.005811201026214607,True,20.97466010062107,3.141506273083756,29.8580079077684,False
660,warmstart,261,0.006953693134913209,True,22.468291855478046,3.1415920683817244,30.99549199118846,False
661,warmstart,262,0.0011870264363154426,True,21.232603225396637,3.14153096491981,30.672510909520767,False
662,warmstart,263,0.0013296559326669251,True,21.682566996953472,3.14148582272582,32.248134887101216,False
663,warmstart,264,21.382234787044915,False,19.14434123266972,3.140153171840325,28.87795420410141,False
664,warmstart,265,17.235318428971453,False,19.42213812806197,3.1382451853651663,28.722414951816152,False
665,warmstart,266,0.007012729484122056,True,21.780718549114166,3.1412620507398152,29.92301285401828,False
666,warmstart,267,0.025081808438642397,False,20.3739816581784,3.141462228856959,29.744377869078633,False
667,warmstart,268,0.03592413552241551,False,20.3920611705966,3.1414472466295775,31.677997033881315,False
668,warmstart,269,0.003727450786317232,True,21.467204069299562,3.1415560143717944,30.084059432696613,False
669,warmstart,270,0.010766134031303118,False,21.640255757874197,3.1414055915598214,29.13606943456812,False
670,warmstart,271,0.026108217708229506,False,21.566423733835293,3.1414185419022482,30.287442507275745,False
671,warmstart,272,21.36605323880738,False,18.419851558231016,3.136500907490335,28.85569468661249,False
672,warmstart,273,1.8922174101608478,False,20.06127427768839,3.141382873201003,29.25185925042332,False
673,warmstart,274,0.017422195167150278,False,20.07126321524796,3.1415314605343303,30.079084563289154,False
674,warmstart,275,0.001642200477059545,True,20.478114242305235,3.1415617888680725,31.599755710995286,False
675,warmstart,276,0.003606922181560716,True,21.102911010252427,3.141283880272299,29.245934860318066,False
676,warmstart,277,0.010627991234483603,False,20.757284431846443,3.1414335044815953,31.68341178659855,False
677,warmstart,278,0.0023244695526170047,True,21.647316842670445,3.141496753946516,28.099467274994737,False
678,warmstart,279,0.01796842793525032,False,20.84999828821439,3.1410888094270977,29.716337809179493,False
679,warmstart,280,0.011141691649508092,False,20.438459588809337,3.1415624272895695,31.181840478821954,False
680,warmstart,281,0.024206851523058126,False,20.673606240864384,3.1412010494235076,29.78218172572087,False
681,warmstart,282,0.018082054771953644,False,22.6323069038528,3.14133104423145,29.643116305792557,False
682,warmstart,283,0.020073713034281022,False,19.47596008213257,3.1409322246484805,28.483369254435175,False
683,warmstart,284,17.32106075316233,False,20.779961678337095,3.140058266296272,30.302301070340462,False
684,warmstart,285,17.251356292327287,False,20.898753665281824,3.1413838801585534,30.216827614215553,False
685,warmstart,286,0.029281409640965532,False,21.438962309987488,3.140593072944487,31.64578155859728,False
686,warmstart,287,0.001898452191294234,True,21.094577165024692,3.141558260044097,31.154609175252993,False
687,warmstart,288,22.070608987003144,False,19.89989190916092,3.1374772086171916,29.091922657388448,False
688,warmstart,289,0.015312091655746039,False,22.4390137036997,3.1415124654051905,29.58385369498959,False
689,warmstart,290,0.0005526351239503177,True,19.60045072801213,3.1415746390204635,27.98088047220352,False
690,warmstart,291,0.019460388751023,False,21.73833621540189,3.141387593841838,31.87409750477002,False
691,warmstart,292,0.01823818923563667,False,20.15785800638968,3.1413537474739424,27.31616467577804,False
692,warmstart,293,17.31932705824315,False,20.363811316561367,3.1388831140795364,25.11345415568301,False
693,warmstart,294,0.004387828166261459,True,20.174992036256743,3.1414509284700998,27.565393213920434,False
694,warmstart,295,21.719792067497615,False,20.08779431972497,3.1403676710264206,29.872132720108784,False
695,warmstart,296,0.02159862269202605,False,21.985249843991507,3.1414965957796595,28.285764921414394,False
696,warmstart,297,0.005682285318591744,True,19.89311010709975,3.141460931947598,29.030799558862718,False
697,warmstart,298,0.007756292117352622,True,20.95789261706208,3.1415236427757023,32.614065836618444,False
698,warmstart,299,0.0009006697794528719,True,20.942508195751824,3.141534296224931,28.383541464771927,False
699,warmstart,300,0.003049830068106294,True,21.173763492868545,3.1411499878587037,31.64601510499966,False
700,warmstart,301,0.0014766030678726718,True,19.878931837211603,3.141167431103444,29.295763445704875,False
701,warmstart,302,0.002092642422243913,True,20.543312165179305,3.14152148332638,26.516281562322913,False
702,warmstart,303,17.87296212449937,False,22.28957257645271,3.1413939485933824,29.846304641415603,False
703,warmstart,304,0.005924277431981251,True,21.302158324686122,3.1412544764036,29.742166039842633,False
704,warmstart,305,0.003315714358475734,True,21.227886563978334,3.1415024699072767,29.408831971505485,False
705,warmstart,306,0.012114418235563055,False,19.079134842893144,3.1415270776432394,29.07611166286158,False
706,warmstart,307,0.006407307242110056,True,21.04989243364534,3.141478297256066,30.15052953627202,False
707,warmstart,308,22.487258471357503,False,20.937179747224874,3.1410087826113324,28.693174546991617,False
708,warmstart,309,0.040756736072856,False,21.920855750031528,3.141505113486775,30.049472249808584,False
709,warmstart,310,0.052188267052013175,False,19.872467453257627,3.1414893711537903,26.198369423736608,False
710,warmstart,311,22.064552253232502,False,21.873569398519525,3.1404390673388534,31.26910304081468,False
711,warmstart,312,0.002007441214375496,True,20.94431546098392,3.141413473088935,30.35645261405216,False
712,warmstart,313,0.06589130669680446,False,22.298183169770386,3.1410453173574737,32.62445096027929,False
713,warmstart,314,0.0031201372009751834,True,20.335048638255888,3.141573104475148,30.7078950854415,False
714,warmstart,315,17.42048486814508,False,20.80790166695921,3.1391245942779626,30.315597201451215,False
715,warmstart,316,0.00015620292010233038,True,20.741149975549483,3.141556368978602,28.125520696047314,False
716,warmstart,317,0.07119419173716879,False,20.362590475613953,3.1412130551456183,29.41104297029689,False
717,warmstart,318,0.016712349262576566,False,21.39465035546479,3.1415392837430165,27.059735885850042,False
718,warmstart,319,0.020179972768513806,False,20.144418578465373,3.14123871543765,28.445348531890676,False
719,warmstart,320,0.0019465135248177092,True,21.022097380276485,3.1415813130611103,28.97134562936944,False
720,warmstart,321,0.0021124837452004817,True,20.671046745692635,3.141572979816935,30.206944949506767,False
721,warmstart,322,0.030605804390678178,False,20.878344673689284,3.1412027815388823,29.075137300682208,False
722,warmstart,323,0.00110350889089413,True,19.5812193330779,3.1413045816013856,31.42157308686029,False
723,warmstart,324,0.009640212954240194,True,21.63488959343216,3.1414410729754136,29.17172827571371,False
724,warmstart,325,0.004170078100126901,True,20.18535266597104,3.1415617166081633,30.11955766850416,False
725,warmstart,326,22.108918234447913,False,20.704710279305917,3.1382837832160613,29.641310333156174,False
726,warmstart,327,0.011450045408726866,False,22.120129794082068,3.141401469798919,31.861757258218347,False
727,warmstart,328,0.026421943835741583,False,20.903931935678433,3.141367031103133,30.249995421692308,False
728,warmstart,329,17.240555513739544,False,19.420210972083442,3.1415861876806925,28.151343822942135,False
729,warmstart,330,0.00043112632364693547,True,20.832078666254375,3.14141422684998,28.668602802595913,False
730,warmstart,331,17.69499582835676,False,19.915370655135295,3.1350819827887975,28.868728689723426,False
731,warmstart,332,0.021062380446230274,False,20.065642144431568,3.1414382855213603,28.432281977927165,False
732,warmstart,333,0.00407004190414759,True,20.70437269246463,3.1415015539104587,29.50769100846194,False
733,warmstart,334,0.0014861728971105144,True,22.834012266512755,3.1414513004268843,29.957821325708732,False
734,warmstart,335,0.0011340631983595161,True,21.02208216875015,3.141480963606127,32.03614008721092,False
735,warmstart,336,0.015501247083524943,False,20.34421200442092,3.1415776329337515,27.746248322203723,False
736,warmstart,337,0.007012679855478723,True,18.998773308109396,3.141481166732973,28.92556912270279,False
737,warmstart,338,0.014192452439077945,False,19.586965056512618,3.1410663134164487,29.292582344597054,False
738,warmstart,339,0.0010733848328931242,True,19.37459405623841,3.141513658037411,28.420182269917106,False
739,warmstart,340,0.004906067175442003,True,19.52408341071698,3.1415173607520845,31.750279093460914,False
740,warmstart,341,0.0327270716862206,False,20.426365405711323,3.1409732369862695,30.977686106584258,False
741,warmstart,342,0.010870300882858895,False,21.091825037378023,3.1413952722242375,29.43838018442535,False
742,warmstart,343,0.009112972919109988,True,19.769027799567528,3.1414756384600606,31.51074952438715,False
743,warmstart,344,0.011200760851214225,False,21.229221775224193,3.1414467290027215,31.35192454001614,False
744,warmstart,345,0.03078811714512935,False,21.916354394921328,3.141574163186777,32.08084479571072,False
745,warmstart,346,0.000141294194243325,True,21.736234486052968,3.1414962777498854,28.79188994814467,False
746,warmstart,347,0.03180935336470836,False,20.541580104338955,3.141245702717703,28.415206643055697,False
747,warmstart,348,0.022362478303429134,False,20.753312716357957,3.141439288104265,29.321677062750528,False
748,warmstart,349,0.0016901663252745353,True,22.39180962752194,3.1415896536333126,31.410187588587874,False
749,warmstart,350,0.022359057681440832,False,20.15912865750133,3.1413469050370226,30.96290069524146,False
750,warmstart,351,0.013528512944919961,False,21.17025330847165,3.141465393478623,28.932714846842998,False
751,warmstart,352,18.212632451912107,False,20.42736904603063,3.1188392174991773,27.118333415985372,False
752,warmstart,353,0.008670470475925209,True,20.485605611263544,3.1414742397770894,29.49445841024904,False
753,warmstart,354,0.019031732544392114,False,20.923612853294518,3.141302439118059,24.93415342099533,False
754,warmstart,355,0.013708108181615348,False,20.90291204203743,3.1415589752601294,30.022331336080075,False
755,warmstart,356,0.03198527157083009,False,20.092327939556057,3.1414937072755524,28.21795918449853,False
756,warmstart,357,0.00019232443063567952,True,21.53892523745591,3.141588410955525,28.001964709227227,False
757,warmstart,358,0.010414781932624483,False,21.73082691905327,3.1415481335289233,30.448221146019648,False
758,warmstart,359,0.009641011507925991,True,19.799324766305332,3.1407407973454555,28.494903584567336,False
759,warmstart,360,0.030972394146681684,False,21.371073154535466,3.141487068707427,27.84463774154305,False
760,warmstart,361,0.008795682859495627,True,20.25022198298611,3.1415369731050724,29.062645651758114,False
761,warmstart,362,22.128426864414394,False,19.494081932172712,3.1379132695425813,27.05315772420228,False
762,warmstart,363,22.114460916474265,False,18.939426145689616,3.135540730986147,27.218559411429343,False
763,warmstart,364,17.258204311895764,False,21.615852788703275,3.140930512687177,31.196360991843505,False
764,warmstart,365,0.02177225616740314,False,20.587353668761594,3.141241372154962,30.73760108698938,False
765,warmstart,366,17.66681438886073,False,19.86431164743508,3.133271653594564,28.101042974748474,False
766,warmstart,367,0.8247784945774949,False,20.409091782887586,3.140008541367303,29.7260797753048,False
767,warmstart,368,0.03396623619158479,False,19.561268222681814,3.141026143720499,28.882279851386603,False
768,warmstart,369,0.024676003736334412,False,21.164038134270797,3.140969868960692,29.93703475543356,False
769,warmstart,370,0.03492374097650996,False,22.10018244415496,3.141388254065135,31.788258777946453,False
770,warmstart,371,0.00161251928135393,True,21.018321503956866,3.1415362258393804,30.79655112288118,False
771,warmstart,372,0.00123338327614769,True,20.480207604863352,3.1415644138026266,28.571636621451187,False
772,warmstart,373,0.011316977416233859,False,20.751993534653046,3.1414057068455206,29.287203414911584,False
773,warmstart,374,0.005730714619808715,True,21.077702003208085,3.1414367520469844,28.585527472520788,False
774,warmstart,375,0.01103120559816936,False,20.042925709448138,3.141273873252393,26.71947940551251,False
775,warmstart,376,0.009250320769912852,True,19.767303657919634,3.141420197874967,26.685879003619444,False
776,warmstart,377,17.22159137724605,False,20.867026088770093,3.1385206699034356,30.983494568104124,False
777,warmstart,378,0.0016985895656417508,True,21.137786012945007,3.141479504144222,27.1461292297178,False
778,warmstart,379,0.003935194186410981,True,19.96335002317053,3.1415460727758173,30.351863232096196,False
779,warmstart,380,0.018210540755564067,False,19.807410630957428,3.141541831306898,26.64193503077546,False
780,warmstart,381,17.687539098588285,False,21.56697427755405,3.1412143876767686,31.863937029999992,False
781,warmstart,382,0.01361170440773755,False,19.360860713091395,3.1413572024714993,27.81214588050294,False
782,warmstart,383,22.0661789658164,False,20.522232937282276,3.1389522996485892,31.38153598405626,False
783,warmstart,384,0.0005574079204429219,True,19.564321136175867,3.141534541980798,30.99202590000612,False
784,warmstart,385,0.009947322961059135,True,20.84130440579442,3.140045102676254,29.480517437426432,False
785,warmstart,386,0.005757188776297613,True,20.624753900745,3.1415627660001726,27.04505165571839,False
786,warmstart,387,0.020194960674276327,False,19.72309228015072,3.141473060436195,30.935170579834747,False
787,warmstart,388,0.01955724148121719,False,22.51963890901376,3.1412787932988593,30.24053502863872,False
788,warmstart,389,17.788351365702326,False,18.326867452827372,3.1397885136601476,26.23117001494405,False
789,warmstart,390,17.69065238811118,False,20.486341041112205,3.1407521835597194,27.384981268983715,False
790,warmstart,391,0.0005625369771562563,True,21.112174779406043,3.1415060843061786,30.15526651947567,False
791,warmstart,392,0.0028310714291784095,True,20.638768229109168,3.141478314947973,32.297677497347635,False
792,warmstart,393,0.002132506204658407,True,21.75217354294308,3.1414852279931726,31.021938692177795,False
793,warmstart,394,0.001051251899391099,True,21.38743778569726,3.1415810657531296,32.13888733824379,False
794,warmstart,395,0.0006366110770220764,True,19.26190582604646,3.141159584447437,28.065992753869754,False
795,warmstart,396,0.009368322524017996,True,20.96872365813561,3.1413572221135464,29.400072970312852,False
796,warmstart,397,0.0006588762389539177,True,21.398918173796428,3.1415830072669326,30.101201327162123,False
797,warmstart,398,0.000503797728124337,True,20.696517161084152,3.141510689742672,26.805861082370072,False
798,warmstart,399,0.016320442220302822,False,18.96829949710995,3.141480912404372,27.314367921578235,False
799,warmstart,400,0.0015189233777560009,True,20.935779485775484,3.141558512092451,27.25908660086981,False
