pair_index,seed,heisenberg_best_loss,heisenberg_best_iteration,heisenberg_final_loss,heisenberg_success,warmstart_best_loss,warmstart_best_iteration,warmstart_final_loss,warmstart_success,mixed_stage_best_loss,mixed_stage_best_iteration
1,1042,25.089711207255526,147,25.789999206421527,False,17.442262795758392,135,17.455838867217103,False,2.805838930739748,149
2,1043,28.44510847090474,125,28.602326847613618,False,0.005167250449125452,58,0.04515683651658489,True,0.0048039235724398445,147
3,1044,33.33135955558548,122,33.67185971476031,False,0.0005989471335882921,76,0.026926035522279786,True,0.00030392938643145095,150
4,1045,12.982217526925144,136,13.222786705097061,False,0.0002954169470654501,139,0.0006869840706682936,True,0.0011847373105274145,145
5,1046,34.25416270785702,139,34.34365316727758,False,0.0029948644295837764,75,0.022036109887912294,True,0.0001594660091299923,133
6,1047,17.3886277213084,137,18.073974057519532,False,0.0010746108959153403,69,0.04496975740522489,True,6.474812334274191e-05,123
7,1048,12.959744909707275,147,13.117750053548523,False,0.0044766762365043514,72,0.063600655362014,True,9.637449150431823e-05,133
8,1049,36.26282015553788,78,36.410437142208536,False,0.04120154214451381,64,0.14781951661466639,False,0.0005364162658864967,147
9,1050,34.15999038174481,94,34.20084838531126,False,0.011961705539032171,103,0.04736150553479849,False,0.0016863099706190857,150
10,1051,15.586743691159416,103,16.002253398085987,False,0.010232146174991059,69,0.024766795539358878,False,0.001459565226168334,150
11,1052,26.862927813775713,133,27.360281803976644,False,0.00018358199211314992,123,0.006441767584593243,True,0.14020690244296924,146
12,1053,28.88580054996011,123,29.365941830536897,False,0.03358894357859846,46,0.1329968329619373,False,0.00017020658831115948,129
13,1054,28.268180922533745,93,28.529595692902937,False,0.028072891590306927,58,0.09593280923859682,False,0.00013093329437093663,150
14,1055,38.181981606674356,139,38.34730942156396,False,17.389924694326773,145,17.97826330072632,False,2.7988309182806663,150
15,1056,28.594164989653848,149,28.78183993173,False,0.026279698299140557,50,0.12856181970245184,False,0.0001742360867410077,150
16,1057,37.72248634736024,119,37.76211400299198,False,21.34278268009848,95,21.390053190762444,False,2.847042037141661,150
17,1058,20.082315094208397,150,20.082315094208397,False,0.013286231380688705,81,0.030075399801514774,False,0.00022640231920687665,143
18,1059,32.31340089992443,146,32.55006379755046,False,0.025395056612806097,122,0.050456678311919745,False,0.00022452761319804177,126
19,1060,28.816596088927476,131,28.930672807529866,False,0.0035790977800759403,142,0.00905994672869812,True,0.0031106821367495457,150
20,1061,28.035131152766,150,28.035131152766,False,0.0025791326924527016,128,0.009326946639925537,True,0.0004703219886457708,150
21,1062,8.588245912197756,129,9.624393763511174,False,0.003107712053385218,98,0.042466144077469944,True,8.958719883783264e-05,150
22,1063,32.07092388759478,138,32.188869258392415,False,0.0006690421964487832,106,0.035317905536021155,True,0.0004932876353315065,150
23,1064,36.02636336387767,136,36.0818209315725,False,17.40461090431075,147,17.51472778936406,False,2.832739522354732,150
24,1065,34.22669615501566,145,34.43786692638835,False,0.027394941277035935,48,0.06086243789972216,False,6.546735043462837e-05,150
25,1066,38.526177919060856,101,38.688137535915715,False,0.011666207410239311,61,0.03352511573709009,False,0.00013818224611846465,149
26,1067,33.05153097605028,128,33.27772202790497,False,0.00189830944228593,65,0.03869955984312502,True,5.4531376483706146e-05,148
27,1068,28.072444352129118,144,28.458591692898885,False,0.016805185140545353,92,0.022472755348888773,False,0.08109914317108635,147
28,1069,38.37695159828624,126,38.64620172217657,False,0.0007847451068864631,75,0.09424452267421063,True,0.00014566748038488596,129
29,1070,40.586511336509794,149,40.79493329047601,False,0.0019552131131744905,122,0.004603314032608265,True,7.452809698978796e-05,116
30,1071,0.30343055757093607,150,0.30343055757093607,False,0.022804549083610404,53,0.0896699523463871,False,0.0003693608385340805,150
31,1072,32.21362830693005,146,32.33833170304503,False,0.014699589133476514,61,0.04995601327146995,False,0.00016603665240276478,141
32,1073,8.56579503083205,150,8.56579503083205,False,0.002768737253021586,94,0.04313910490587669,True,0.00039551985066015375,122
33,1074,38.12483649285642,110,38.21989053195198,False,21.343569322544212,132,21.54769736892421,False,2.8338582442902984,150
34,1075,26.29333220099229,79,26.475380960289044,False,0.029167926204730014,61,0.07582661454048512,False,0.0019124236067629787,150
35,1076,23.486904412146515,141,23.509902847797807,False,0.028095332409047755,53,0.08602218889414641,False,0.0001176858914581208,137
36,1077,0.01298865630695953,150,0.01298865630695953,False,0.008057053065677966,108,0.03152282996547478,True,0.07467167209650874,150
37,1078,33.43464538937476,104,33.938001765870354,False,0.0041220780487398155,65,0.3471718443887799,True,0.00020732190096807104,147
38,1079,15.859597843896802,122,16.441281729472298,False,0.8588728241235037,150,0.8588728241235037,False,0.07889123455173415,150
39,1080,34.14521892229503,134,34.375317651451105,False,0.0034603251389367226,84,0.009087805312563965,True,0.0004098835005161952,150
40,1081,34.67097721458396,142,34.77555299315967,False,0.008920745564956884,93,0.05153150621256852,True,0.00017003883256147754,129
41,1082,14.151809548324536,143,14.266433452698807,False,0.0025374173615611167,150,0.0025374173615611167,True,0.00012070393825151153,150
42,1083,31.411994131126107,146,31.483138422671992,False,0.0010038437381776424,131,0.0030619536482018187,True,0.0002161815218816122,148
43,1084,21.689610933467314,137,21.824394831122774,False,0.0006581261055582511,70,0.03705778882973692,True,0.0002275361713061878,148
44,1085,37.51005775580941,132,37.8118981296773,False,0.000181219738519589,86,0.018574923690854978,True,7.757233511623989e-05,146
45,1086,20.375822918241237,136,20.53740921807802,False,0.014543428661105905,97,0.09375508025328161,False,0.00019860361738702927,144
46,1087,17.64382772679206,93,18.071845160522926,False,0.004799348175068374,64,0.04860720120954247,True,0.008544962210417487,150
47,1088,34.54055134150904,116,34.84202512813259,False,0.00043628247889836386,76,0.004988874449123878,True,0.00018446038846765914,129
48,1089,27.343278610691275,149,28.054314028232966,False,0.017118328409141924,92,0.04608233248810156,False,0.0003198610908865349,137
49,1090,8.191001203924397,148,8.213453630588038,False,0.018311609856753522,85,0.03053571641992031,False,0.0027532807752048013,149
50,1091,19.79540024519912,150,19.79540024519912,False,17.574501726447156,147,17.763376853370623,False,2.8052170173224784,150
51,1092,37.027277555344334,124,37.09665056697533,False,0.00893412402033354,145,0.023774121927861123,True,0.0008341769282929493,134
52,1093,0.0024603321503089016,97,0.19974253979322448,True,0.004046584905980418,118,0.0176888389752173,True,0.00020217841299577204,150
53,1094,32.890681851320466,110,33.56477070487886,False,0.0012071140516250645,73,0.014042575459662915,True,0.0010171388283539513,129
54,1095,17.71188282137767,142,17.793404150878704,False,0.014330188862898182,51,0.07998502973942967,False,0.0002726362699678531,150
55,1096,25.502678936955725,109,25.733771163867637,False,0.0018811773325470903,60,0.03665563908985634,True,0.0003797913518200315,150
56,1097,20.546394551846372,132,21.23491836864551,False,0.016967121786158935,104,0.0370150612298066,False,0.0004363583035644555,150
57,1098,37.12216740574952,135,37.166531212717175,False,0.01818553123023523,60,0.11170748586353554,False,5.8649804895409967e-05,140
58,1099,38.90968669874867,133,39.12648146035015,False,22.107680231326725,148,22.183522839944214,False,2.8060572259100605,150
59,1100,24.198052086362466,150,24.198052086362466,False,0.0021003159336702155,71,0.025681373160732116,True,0.00014776447887273987,150
60,1101,36.26745067425888,147,36.34218792949265,False,0.0018705442227154464,115,0.06775997315291879,True,3.1772732876525444e-05,145
61,1102,25.247950639239974,150,25.247950639239974,False,0.0010002911298401947,65,0.058811967314772576,True,0.0014280633772606837,150
62,1103,17.551251206100545,131,17.64763715930544,False,0.022772541872389817,61,0.03975894425231334,False,0.00018863439886198684,128
63,1104,24.1518716517973,146,24.54420052215422,False,0.010226627859380616,149,0.015562884921931548,False,0.00019884003747997462,140
64,1105,14.907107894965131,143,15.573179503742923,False,22.082819810618236,128,22.297925628657993,False,2.817867657288364,150
65,1106,31.020885194955923,135,31.411848006300303,False,0.015903482275767603,68,0.0292193469595652,False,0.0001381381991597716,149
66,1107,40.673285901391516,131,40.71902942732503,False,0.0018721218822339675,73,0.40204998744601406,True,0.0002257173097592701,146
67,1108,37.23219522577972,149,37.33593334568333,False,0.01823044577308311,86,0.06207745592248522,False,0.00018283668086516099,149
68,1109,30.763925315102586,150,30.763925315102586,False,0.009363279633915944,56,0.05450360171378626,True,0.00015180837301930215,150
69,1110,37.669571657618484,134,37.70752305750287,False,0.0015684962647844426,78,0.09065538596871933,True,0.0002752800047546055,130
70,1111,37.921917135839024,130,38.00681041145742,False,0.03574116391301134,68,0.1291210157094294,False,0.0010522573620943103,150
71,1112,13.564007330183115,149,13.726795288250774,False,0.0031239838665040984,71,0.15850735206943894,True,0.00013939254588653797,150
72,1113,29.62276870079593,109,30.07669726489013,False,0.022779309248561447,55,0.0824000437113005,False,0.0002348969728096694,150
73,1114,20.450530188245892,126,20.56665163785164,False,17.64170135357677,134,17.813767864420075,False,2.821933288544388,150
74,1115,19.987122571960093,97,20.071491209405686,False,0.02029065619324876,67,0.16065249445524415,False,4.539693100741561e-05,104
75,1116,24.429072920719335,126,24.599876643381357,False,0.007766557513301153,117,0.02736463282097295,True,0.00032834213079526505,150
76,1117,28.466641878562193,144,28.683505924153224,False,0.010520536392978607,58,0.08727967903093548,False,0.00044066862199233965,140
77,1118,31.515956913160608,123,31.677475386582255,False,0.0009733244524628889,89,0.03286884037354687,True,0.0006238243500972283,150
78,1119,29.15091720726958,150,29.15091720726958,False,0.002397904529823389,93,0.48299365410799755,True,4.224327917309155e-05,147
79,1120,28.453084829679298,150,28.453084829679298,False,0.00858323006841474,60,0.03946613687053646,True,0.00021883243341915394,150
80,1121,35.241088830475306,123,35.43104091924655,False,0.016684124031263972,70,0.4930884709067559,False,0.0001116027684582848,130
81,1122,36.94897047184984,127,36.966532158750425,False,0.011527633288365,78,0.013611990364775861,False,0.00016260846139314744,125
82,1123,27.148985245175403,123,27.493823241363607,False,18.361334996596533,150,18.361334996596533,False,2.805914650200924,149
83,1124,17.732195186102487,128,17.880084182932485,False,0.011172153985966366,65,0.05546067276952805,False,0.0007890937447612035,150
84,1125,8.444988057776275,97,8.599469170742053,False,0.010982158562798622,59,0.038576632588309685,False,0.0001483245838886066,143
85,1126,8.595087250018445,134,8.65290594504807,False,0.008809753959704979,61,0.1381846110325068,True,0.0012861492402826314,150
86,1127,17.39207655244157,146,18.520494208817365,False,0.011497558172446356,62,0.04983957575682875,False,0.00021147330804480502,148
87,1128,33.75232408791976,148,34.05182613340299,False,0.002668274584334345,80,0.08605604895649314,True,0.0001463302331632841,140
88,1129,18.418779605526705,100,18.44733948281714,False,0.0018998800724472859,77,0.012602839049993327,True,0.016471160640225323,149
89,1130,30.798920614419398,80,31.260171025580064,False,0.011160073964138964,71,0.047871535063702994,False,0.00023690024891430194,150
90,1131,20.01760467698562,149,20.470377620426774,False,21.278180455126964,135,21.354251520335133,False,2.8324107444890734,150
91,1132,32.04858845285084,146,32.16298604064992,False,0.006691164451972782,60,0.01598015145948845,True,0.0008349893500137568,150
92,1133,17.402668216710595,145,17.82754819887575,False,6.005789741788207,150,6.005789741788207,False,3.4324022346110725,150
93,1134,19.87120967579147,138,20.18786535278771,False,1.703765159210433,149,1.727852620622446,False,0.08646816337650672,149
94,1135,24.020677243420856,130,24.890622226789567,False,5.191383801680446e-05,93,0.016451438688523765,True,0.00024060913992229405,145
95,1136,40.0505709209386,85,40.21165367250144,False,0.013635726668335357,137,0.014105902367111766,False,0.0003422598417959729,150
96,1137,15.573215215599419,122,15.773454145486209,False,0.0125697416296726,90,0.07291322665250394,False,0.00019101317572741973,137
97,1138,0.0035179954353368225,141,0.005994317974025455,True,0.001660213543924845,81,0.025821778779187326,True,0.0005038890125794882,150
98,1139,36.90480876324545,79,37.22407628851012,False,22.183824975535124,142,22.2224966533754,False,2.8059184955912295,147
99,1140,14.805185741740015,109,15.090018475857365,False,0.012462094866012668,73,0.04546654405551778,False,0.0005355252280269178,150
100,1141,31.16166641190781,87,31.369847715469483,False,22.07294006756414,102,22.192074665019184,False,2.81726529952648,150
101,1142,29.338543397415506,86,30.139106531961552,False,17.252876159397474,133,17.518043283169096,False,2.7977137638401395,150
102,1143,17.2880524007247,134,17.549524739249627,False,0.004792588392441129,126,0.09294755918070902,True,0.0006773235613486424,150
103,1144,17.70106934298546,137,18.424549359748664,False,0.023568728632790335,119,0.08493824819178886,False,0.001382750747991486,150
104,1145,27.78336033637089,127,27.97163436324826,False,0.011577738640707862,54,0.12362475339743352,False,0.0006826042650537942,150
105,1146,26.590646675475153,149,26.696133958840562,False,0.027811011344394027,70,0.03428057452713572,False,0.00033113411409533536,150
106,1147,0.0020935514288950917,110,0.019833878933560645,True,0.010546486778852442,77,0.2411860647079393,False,0.00046699764816908305,133
107,1148,39.07095949632256,99,39.170576791207274,False,22.078697104714,70,22.135959941240714,False,2.8054294786015195,148
108,1149,32.816650241027034,149,32.9694300882595,False,0.031606595596145606,45,0.10193135174117082,False,0.00011613164640432752,146
109,1150,40.13623016425342,144,40.229875356151524,False,0.002010834801566646,77,0.06410013137452669,True,0.0007457673258833936,150
110,1151,39.39175641753629,134,39.76663410536462,False,0.011930939190600422,68,0.18991483562262362,False,0.00017176021009753255,144
111,1152,30.452156313692402,92,30.726592346201908,False,0.01503280615292962,148,0.01703549169203447,False,0.00024134903342516983,124
112,1153,22.292884223981677,147,23.324429553621385,False,0.0005456875628660964,81,0.03696596268622216,True,0.0002632364941690067,150
113,1154,38.45487320723069,120,38.734801785405296,False,0.002738120382697965,111,0.03335182504919669,True,3.756758060983054e-05,130
114,1155,1.4656912747512596,150,1.4656912747512596,False,0.010365482207651135,58,0.06855557088591199,False,7.280889285105378e-05,150
115,1156,24.612267243539044,118,24.945996597947754,False,0.02869621689367065,55,0.07588272424775998,False,6.020355891751377e-05,147
116,1157,33.19697940798077,131,33.421224996128245,False,0.004685544610125655,104,0.026527138722456125,True,0.0002319246986001698,150
117,1158,17.134365997765915,124,17.54984866583642,False,0.03340347916467192,53,0.06687312218563654,False,0.00023628954510183632,144
118,1159,22.145885459884962,150,22.145885459884962,False,0.002596286195564961,69,0.044836969257792916,True,0.00010131266994063168,146
119,1160,26.32948772871056,119,26.485507351474386,False,0.059123963453137744,58,0.08943459728652042,False,0.0006246620319097021,148
120,1161,22.671162724122034,149,23.359571201180934,False,18.548256406348337,150,18.548256406348337,False,2.821684463979167,150
121,1162,36.8717449711949,148,36.919597729958404,False,0.014518243609283278,137,0.05364369070118183,False,0.0003789763582834447,98
122,1163,23.708260740240256,145,24.054968117774408,False,0.00010838578175833534,138,0.004619134512757143,True,0.0005665906974241237,145
123,1164,38.26697684545151,147,38.30917844315516,False,0.0005019807265752759,80,0.01294718906902559,True,0.00022984112524602037,150
124,1165,35.62936037212274,133,35.738796756542854,False,20.929074784382927,150,20.929074784382927,False,2.804912497614769,150
125,1166,28.734117455788713,143,28.831414936337403,False,21.391859826910473,147,21.542342755069754,False,2.8424473311901677,150
126,1167,39.34953724749923,146,39.35775677123698,False,0.002854071607748632,68,0.08241294253434828,True,4.382902814318745e-05,147
127,1168,14.924018022202148,128,15.430740464995601,False,0.00614434057230276,56,0.0145646737657128,True,0.00042812868315159655,140
128,1169,25.53726116219716,145,25.648653918523642,False,0.011565552912936664,56,0.0767308479800447,False,0.00013144513361521335,128
129,1170,39.783803692825174,134,39.98589397287432,False,0.00805727013143023,92,0.02118188238666652,True,0.006226575476276753,146
130,1171,28.733768787005047,146,28.886048815510666,False,0.001126444563438238,76,0.030445679655730848,True,0.00020807251098666217,150
131,1172,31.806765010804252,129,31.971391979296666,False,0.00969298246065273,56,0.028194349758270315,True,0.00036780260220814866,150
132,1173,23.223768682654416,145,23.3061161372574,False,21.704007070916322,115,21.747076668132927,False,2.806994586217627,150
133,1174,24.808776884916035,132,25.054294257901244,False,0.010571262524887822,121,0.026854130032195604,False,0.00033904245286594685,148
134,1175,32.240914451497275,93,32.61197416349163,False,0.0022267095622720764,101,0.04274319580348422,True,0.0002382783961706495,150
135,1176,38.621108251262356,121,38.75529733369982,False,0.016987473543872318,66,0.4003728945284887,False,6.112357149647951e-05,150
136,1177,0.019710315106493747,150,0.019710315106493747,False,0.0009375453727240471,123,0.24277972046379806,True,9.632299781511847e-05,148
137,1178,20.727760299299387,130,21.020007398282885,False,0.015035498335686553,53,0.026592758212454146,False,0.00018199709512943294,139
138,1179,38.42028720582666,144,38.47214985195028,False,0.024150101755936723,48,0.14513885836242496,False,0.00012024989089789645,150
139,1180,21.732388591619262,106,21.974685456734726,False,0.0006794638977648685,139,0.0018126189552837377,True,8.608926634499076e-05,150
140,1181,30.20360678611661,143,30.44064391235579,False,0.0033392624218272506,67,0.0363476853527121,True,0.00029085742237510765,143
141,1182,0.0037614851966364803,135,0.004532414151389317,True,21.584817852044516,148,21.841187326495277,False,2.8151860672329994,150
142,1183,0.01554932020097623,133,0.12786788364188187,False,0.009670041920160995,72,0.027224016113846776,True,0.0008971413204314805,148
143,1184,38.09445038874349,87,38.250595539279935,False,0.0010885509875383137,65,0.010751734107980412,True,8.986096190935724e-05,131
144,1185,22.01148714212273,136,22.06832193289619,False,0.001283208086089409,92,0.0917685403176344,True,0.0004586955886397468,142
145,1186,25.010225961847024,139,25.02549329685889,False,0.00804402609299491,62,0.04981272735528029,True,0.01140348485017353,148
146,1187,20.380668710635724,109,21.00133563876814,False,0.0028541946932573487,124,0.026195292598898696,True,0.005853370996590403,150
147,1188,27.349372576403674,149,27.424329590712333,False,0.020173909183243747,59,0.07153068773834814,False,6.0079017755391035e-05,149
148,1189,37.67702341548744,83,37.80449559666992,False,17.398421346898665,129,17.66878476220149,False,2.7977828654666084,150
149,1190,28.478894975395992,119,28.848386549252318,False,0.03319593030139943,61,0.10081867015916157,False,0.0018095078675002796,150
150,1191,24.505876301463367,105,24.78038900323569,False,0.03760584675099066,99,0.0742040136367508,False,0.0008579367669192985,141
151,1192,23.295613928604073,143,23.297580160503983,False,0.009860168083939498,64,0.11801711148251899,True,0.00015035143180030077,148
152,1193,27.490385988015518,149,28.100053126394727,False,0.018016377859351375,78,0.06633711047465073,False,0.0009179896854060073,144
153,1194,26.127664791279205,144,26.448286353187488,False,0.02485389323431024,82,0.05007844651724289,False,0.00013821586902116153,120
154,1195,21.694848555373355,147,21.784216919405885,False,22.091097604290024,149,22.23296206387758,False,2.8036506836748885,150
155,1196,17.327960741977584,118,18.083366947159888,False,0.03176451048438497,49,0.10636511533896158,False,0.0002330123591828349,150
156,1197,33.383676700754314,137,33.547564430695616,False,0.016070450391288325,61,0.07329433891843595,False,0.00013207582008411365,133
157,1198,33.538069014537314,107,34.176644993715016,False,0.0011904616465796291,112,0.0076848173819147585,True,0.016921154250590098,150
158,1199,39.14941820894975,128,39.37833554911283,False,0.01242061896651729,121,0.02999018795526552,False,0.00020460569016853775,150
159,1200,26.82279549394488,143,27.619104465403105,False,0.02192440539326765,56,0.0606261517879754,False,6.606826221496038e-05,150
160,1201,34.92781486532328,140,35.08188319245869,False,0.02033270983236524,53,0.06959521994838662,False,0.009559481206288809,150
161,1202,32.33219219777952,147,32.58082602383014,False,0.0013014092289632948,104,0.02281999680145374,True,0.0006853164905596813,137
162,1203,29.26112204707188,132,29.43155791278737,False,0.01239462823130351,123,0.209636194582998,False,0.005108214026486618,145
163,1204,8.792797502820255,104,9.164070381561405,False,0.016138522527346648,44,0.1462481124907844,False,0.00011660860741568801,136
164,1205,25.03960904148041,95,25.228895749207524,False,18.47028835412032,145,18.549696775358957,False,2.8043050477975355,150
165,1206,37.24894117111578,144,37.598874215327314,False,0.006929080840940351,81,0.049535763523918266,True,0.0002466797426949795,146
166,1207,29.475323074079313,91,29.841307922827227,False,0.0005401054806152606,85,0.1960887777194611,True,0.00024869472975616624,150
167,1208,31.619635846257218,139,32.71066136599607,False,0.0031717794792641297,81,0.07012341146224764,True,0.00011243906093313163,150
168,1209,28.99094356190068,142,29.130892015432554,False,18.338693662954324,150,18.338693662954324,False,2.797718957398577,145
169,1210,15.39358860142123,132,16.080529758525714,False,0.0027251949219895483,56,0.10993837958687587,True,6.489461421296249e-05,145
170,1211,33.48371841479089,150,33.48371841479089,False,0.024091041575870636,53,0.08074483416124645,False,0.00024381405044129504,142
171,1212,20.930104626182214,143,21.077797632068425,False,0.0009084726087050554,77,0.019020675662521018,True,0.00022117484583335014,147
172,1213,0.01637996837314583,150,0.01637996837314583,False,0.00840742882403567,146,0.03363080140816958,True,0.00015027886849512982,116
173,1214,28.260487603111336,147,28.461018621312395,False,0.012871902044739435,52,0.14297823852511615,False,0.0001462106878071018,146
174,1215,10.002057316086264,150,10.002057316086264,False,18.004477797664553,144,18.331975405691598,False,2.835514232784921,150
175,1216,33.44100692947829,132,33.541294896186415,False,0.009418571648405845,140,0.018343947072981075,True,0.09981630468500964,144
176,1217,27.660694278594356,140,27.889969039610932,False,0.023239468867638936,51,0.06633683127728779,False,0.00033040238149508144,133
177,1218,35.20645523645237,99,35.2900333504292,False,0.02410558589540839,97,0.02637823049354644,False,0.00014359905321293612,125
178,1219,29.98562509728028,119,30.13710899617134,False,0.02629400336924394,56,0.09135304293411861,False,0.0003778576469565733,141
179,1220,17.742011766997674,124,18.025416057757077,False,22.063139476033435,112,22.10077474434337,False,2.8163677542662433,150
180,1221,37.465490181072326,150,37.465490181072326,False,0.01806117244527054,69,0.1754712257733852,False,0.0002028298941448818,149
181,1222,36.31905186120858,145,36.781352066731415,False,0.02239065045526201,53,0.08393379429836978,False,0.0001997201616361823,131
182,1223,0.05011569350278011,146,0.05168852535378012,False,0.009600795505404627,80,0.06353851569602419,True,0.00044821910702705115,149
183,1224,27.353343406296354,115,27.773954041451816,False,0.0004119537723803338,125,0.0013084652002515803,True,0.09949753827476362,150
184,1225,13.464135134325405,149,13.599032305519039,False,0.008261012612368224,66,0.03515563391614955,True,0.00014484884984864626,150
185,1226,31.52343865645026,150,31.52343865645026,False,0.017854523406703248,70,0.1724418180393093,False,0.0009832318888791745,141
186,1227,30.06703547368416,129,30.30548664111638,False,22.14658253508034,122,22.37912697497312,False,2.824636866646545,150
187,1228,30.11046113041269,140,30.36114086690889,False,0.01938173721110626,59,0.09358998181957051,False,0.00023523175508178797,149
188,1229,23.606513425480593,110,24.1062132020811,False,0.0007536482075488399,85,0.01506315824912133,True,0.0016000764538430991,150
189,1230,8.93511390528042,150,8.93511390528042,False,17.225183043595138,122,17.415538119326925,False,2.7987107799330677,150
190,1231,17.938501139516397,150,17.938501139516397,False,0.010197866580953497,61,0.057817017656587866,False,0.0003642222185578626,150
191,1232,24.302311021952136,149,24.47235839882822,False,0.004658650892179138,84,0.04650980490467383,True,0.0001705185467523021,150
192,1233,0.003907562636847796,98,0.035520065803630194,True,0.0027125792118142884,77,0.009277318251727156,True,0.0012887638295997058,150
193,1234,40.15466420533747,79,40.254365043598035,False,0.017878818177752127,90,0.10862893520286541,False,0.0006304295406315833,148
194,1235,38.948831424964666,146,39.041814232813245,False,0.002856560614831875,91,0.007725805384005672,True,0.0022151950011434773,150
195,1236,35.139552144972306,141,35.2645696333702,False,0.001824883768947363,83,0.12085863139476322,True,0.00035716763063048005,149
196,1237,28.004301225520322,133,28.52492199605298,False,0.0033763353952677246,79,0.08769328419839316,True,0.000578804700623402,145
197,1238,31.224338452232193,103,31.35343035380187,False,22.105485491632244,94,22.164398425860064,False,2.8239054266428836,145
198,1239,33.54996029232855,129,33.903399658767164,False,17.908359556899352,147,18.66266604013243,False,2.8524164377311862,150
199,1240,32.087688197891346,130,32.20676762216853,False,0.00192015144720482,65,0.012531507716453765,True,0.0006921909765151536,149
200,1241,37.95785467511718,91,38.18033533679327,False,0.00045236856957376383,89,0.00801217800381781,True,0.000553022828554896,141
201,1242,0.004565906301001248,145,0.0053587168141889996,True,0.004893901754623099,133,0.021867328516896007,True,0.00045668700655521503,150
202,1243,29.728545801524294,136,29.991828264074115,False,0.006147417730216156,131,0.06354916144733835,True,0.00036568615757794185,142
203,1244,28.476172569385554,122,28.516408492328832,False,0.02035996942906716,51,0.10635299481612084,False,0.0003057476951263735,126
204,1245,21.28065528156849,148,21.392259074909596,False,0.007042081704934533,150,0.007042081704934533,True,7.272563958399305e-05,149
205,1246,29.045250312279265,140,29.254262687689987,False,21.792554090362174,76,21.95838737067176,False,2.856114231263496,150
206,1247,23.314088997928486,115,23.346481131246037,False,0.0005964668742977775,115,0.0018996130575366773,True,0.00040619506182237083,145
207,1248,21.19840185038411,125,21.700989793745215,False,0.02566526628946817,63,0.18172696406060768,False,0.00021713789129393216,146
208,1249,17.753158331322766,97,18.400222371990978,False,22.130787404910983,147,22.290309119708915,False,2.832531696366636,150
209,1250,21.811591696132865,132,22.359361181432966,False,0.002903766829730137,66,0.1467946483202433,True,0.00022069614308543455,150
210,1251,26.285421469239477,141,26.506237992950346,False,1.9147844920703077,103,1.9907260880840107,False,0.09409961330583898,150
211,1252,0.022498296316736558,112,0.04909168490059256,False,22.093827201560114,102,22.12714921310623,False,2.8073766622529903,150
212,1253,20.5768951272424,147,20.90221404464835,False,22.089763132398424,133,22.114627448170886,False,2.804681366002552,148
213,1254,31.237046206332195,128,31.58258458251246,False,0.012488411819846544,121,0.01685401991348458,False,0.08553846394133392,148
214,1255,1.808353766281798,139,2.1168973330813152,False,0.0022559127565966557,58,0.07253132704938252,True,0.00014698164312673922,150
215,1256,34.45893079799228,129,34.6154551010968,False,0.01233376183868971,52,0.09933405539598994,False,0.00017293687261145393,133
216,1257,35.38147580293838,120,35.59015652900655,False,0.002792489950169529,67,0.013798818037162854,True,0.0003181980475957214,142
217,1258,37.85347100749022,108,37.881860622908796,False,0.0008507901819790756,90,0.05233330689020077,True,0.00015910587424229866,131
218,1259,33.00899220612099,100,33.399733211512675,False,0.005188480469393533,147,0.03254901035554547,True,0.0034603597804261053,146
219,1260,24.917260806138653,149,25.242035809777775,False,0.002808621240067412,76,0.055775216641768474,True,0.00011370140194503828,145
220,1261,36.07628300139737,133,36.15947173126473,False,0.00948775700537845,89,0.05445476099117925,True,0.0002476187043266861,142
221,1262,31.785405450139777,147,32.04916052461121,False,0.0008626135484129172,137,0.002109214041968654,True,0.0007796989267498251,150
222,1263,0.02028942531168125,150,0.02028942531168125,False,0.0019363306878519761,111,0.004728973117238927,True,0.0673404805748477,150
223,1264,19.320321202188058,111,19.578674341239832,False,0.04137602685339681,54,0.13320556742621026,False,0.0002592983138648971,150
224,1265,32.4946682520767,108,32.58422806718022,False,0.05118122951293265,80,0.10545191750243557,False,0.00020692642646165577,150
225,1266,37.148576952086344,116,37.28868375215251,False,0.010315512579103675,56,0.06346822236979105,False,6.592963581343288e-05,149
226,1267,24.772330107794534,127,25.5129190503284,False,0.0212895645377011,56,0.10674724676771222,False,0.0023043342798081115,150
227,1268,15.311865125845266,141,15.641911111038981,False,0.0021122709509377494,98,0.05773931226643683,True,0.0010829057450133972,150
228,1269,38.87272282052221,143,38.950840376940896,False,0.0005113570146253085,74,0.06521361997046714,True,1.6466776461501413e-05,149
229,1270,29.220971064654833,111,29.533935985463355,False,0.028167429225628073,99,0.07677851529347608,False,0.0015791789905495153,138
230,1271,36.097249532196734,96,36.34828061452846,False,0.017960220658767408,50,0.04067098711319352,False,0.00046941888551700167,147
231,1272,33.4479792723878,108,33.609851062905975,False,0.0014082317529224857,72,0.2823360285633436,True,0.0032323536882013035,150
232,1273,33.49946927567218,150,33.49946927567218,False,0.020294886800592594,50,0.044890599595404354,False,0.00022370529448425392,132
233,1274,39.26791521299096,108,39.37755975485611,False,0.004957051848558235,133,0.014791941852319707,True,0.0002512606405089439,141
234,1275,34.31746183039539,145,34.3595987620796,False,0.012918921408742276,51,0.10767677821869961,False,0.0002388577504644442,149
235,1276,8.630278674218244,138,8.830971356683364,False,0.02644578723568662,132,0.04013586486749248,False,0.000468846636748499,150
236,1277,32.560575083888544,116,32.678014153231004,False,0.002764607588057178,72,0.05152959951395485,True,0.00011611438593668504,148
237,1278,23.06673142013264,103,23.40337675061267,False,0.013099266098836748,130,0.03884499388566476,False,0.0037843106661882052,150
238,1279,0.04091745226629996,150,0.04091745226629996,False,0.007535350917978567,69,0.03012184328911146,True,0.022935714576983998,150
239,1280,17.536620294414583,93,18.162907686734545,False,0.012388932214819274,96,0.052005943764088305,False,0.0008592882435161356,150
240,1281,15.605410171574718,117,15.681141074236933,False,0.010556202960565902,106,0.011454383819067014,False,0.0007860754361687985,134
241,1282,39.44473751507239,146,39.5443875524751,False,22.137657500749775,150,22.137657500749775,False,2.825276520768978,146
242,1283,21.195742161951713,150,21.195742161951713,False,22.00007178865382,97,22.239993103324707,False,2.838993977507794,150
243,1284,34.517435143699416,125,34.73880981205469,False,17.701530568414874,144,18.034053487698312,False,2.803941726783042,150
244,1285,0.0025154454449629643,114,0.010025567120361716,True,19.548265730776816,148,19.549176096079965,False,2.825958763928802,150
245,1286,37.94389382678791,122,38.225255034795914,False,0.0028651014697428172,68,0.08021798161213095,True,0.0055393100708462095,149
246,1287,29.042019397465047,147,29.16368325109915,False,0.006569631082590275,90,0.12653755976988693,True,0.000334729413805197,150
247,1288,17.175868286699938,132,17.65135210194395,False,22.545433573731458,100,22.63287105086746,False,2.8375803049695665,150
248,1289,23.916590850560404,150,23.916590850560404,False,0.016484349622283994,82,0.01878138487995192,False,3.4286298555425794,143
249,1290,17.893900545679486,149,18.028602490842808,False,22.145213586406065,125,22.220327448031842,False,2.818244074714269,148
250,1291,26.077151001195617,146,26.38983654942646,False,0.00683801342422463,62,0.15362677499781036,True,0.00012048661558768579,150
251,1292,0.024904135175374723,137,0.03801125017387377,False,21.9949461243963,142,22.021963375164113,False,2.803893495843716,148
252,1293,0.007697191517232315,150,0.007697191517232315,True,0.0016636720835293754,81,0.14295892113644976,True,0.00044378550721174876,138
253,1294,24.85903045595466,138,25.08040165025733,False,0.0057401514315414725,96,0.0342176333795347,True,0.0001526773069300598,138
254,1295,23.72854100547302,131,24.00126756301877,False,0.002771014274934806,132,0.011703820192679501,True,0.0002437077208817991,143
255,1296,10.31133653730301,149,11.242507731514241,False,0.012851082365000302,63,0.06195645268269484,False,3.439423345438214e-05,150
256,1297,39.25785830107457,99,39.505549834343576,False,17.302329517813032,104,17.4616022389639,False,2.8394123303516183,150
257,1298,20.21850350760655,125,20.6545860547023,False,0.02409502435332316,65,0.056595574247277944,False,3.9901070039752125e-05,138
258,1299,0.04957111784053167,145,0.09485094432404062,False,22.0419398442142,125,22.055354056577794,False,2.822860867073786,146
259,1300,17.54256302037409,150,17.54256302037409,False,0.034579638019843484,56,0.10709704148171109,False,5.1982790020495804e-05,150
260,1301,23.707470249306745,86,23.966741546545173,False,0.005811201026214607,111,0.007112425373406164,True,0.0005076009080997,150
261,1302,8.456494545997762,150,8.456494545997762,False,0.006953693134913209,108,0.013906937562984518,True,0.0007773792395992876,147
262,1303,37.1348607748864,124,37.35150464582614,False,0.0011870264363154426,97,0.2892886615537263,True,0.0003837848205338816,150
263,1304,29.373929166140925,146,29.932253346692097,False,0.0013296559326669251,107,0.005446660551157477,True,0.00012156594255982853,146
264,1305,33.310188578618025,69,33.44284192727008,False,21.382234787044915,118,21.586887785227553,False,2.847723454155629,150
265,1306,20.55275210732853,138,21.102037956822482,False,17.235318428971453,139,17.370617503320634,False,2.7954886555080076,150
266,1307,37.49534981438117,91,37.63872988188374,False,0.007012729484122056,63,0.01536626931398369,True,7.964090554804706e-05,149
267,1308,25.418714346621734,93,25.627479368504247,False,0.025081808438642397,83,0.04876371541382965,False,0.000459779499053956,150
268,1309,38.615468547621376,145,38.87289748817716,False,0.03592413552241551,139,0.04635013997812397,False,0.000980699411903179,147
269,1310,24.624238168072985,102,25.081744535785752,False,0.003727450786317232,150,0.003727450786317232,True,0.017501484606418528,136
270,1311,32.18650703073211,88,32.59365250939247,False,0.010766134031303118,74,0.0174375122601486,False,0.00017308088685007625,150
271,1312,30.116706442985723,144,30.343933721076287,False,0.026108217708229506,63,0.10942549922740719,False,0.00029734925139252385,150
272,1313,19.866693530999243,149,20.003008528902924,False,21.36605323880738,124,21.634534263035878,False,2.8479775254870514,149
273,1314,16.837213456438676,135,17.351867956251777,False,1.8922174101608478,129,2.0381648124168668,False,0.09606342967697801,150
274,1315,7.935574184655813,107,8.351176028628394,False,0.017422195167150278,146,0.02371505534379951,False,0.0003887319344666021,150
275,1316,38.63612545296449,140,38.882643798363965,False,0.001642200477059545,122,0.0025691633537854087,True,0.08678545615840685,150
276,1317,29.91647298156311,134,30.02420143922427,False,0.003606922181560716,66,0.07155251636896594,True,0.00032276165144808067,133
277,1318,0.009181899369636419,145,0.0109219916531275,True,0.010627991234483603,66,0.06487199893317955,False,0.0006896385229076684,150
278,1319,25.350098371032075,147,25.450097972908353,False,0.0023244695526170047,130,0.008604661065575336,True,0.00021110556670370204,150
279,1320,24.369872517670075,100,24.406699378234727,False,0.01796842793525032,53,0.130231435110142,False,8.195003464863487e-05,141
280,1321,0.05815171684562187,150,0.05815171684562187,False,0.011141691649508092,95,0.12686202673912886,False,0.000299967457859488,149
281,1322,22.90343465391559,146,23.29354357560782,False,0.024206851523058126,60,0.10573802204736027,False,4.675476028256032e-05,143
282,1323,17.31728415652153,138,17.483446924977052,False,0.018082054771953644,63,0.1623699611643339,False,0.00017706390800098818,150
283,1324,34.68083159084803,135,35.033314021929336,False,0.020073713034281022,55,0.13598144465655057,False,0.0003179376665189368,148
284,1325,39.87563504463239,128,40.12551322923874,False,17.32106075316233,125,17.66457441446908,False,2.7986369679500984,150
285,1326,36.62667896170771,133,36.803873847588406,False,17.251356292327287,145,17.380379513249004,False,2.8011889172702786,150
286,1327,25.774790724383035,147,26.314511739553218,False,0.029281409640965532,93,0.3019146200996163,False,0.00022942893640218507,146
287,1328,23.993323018727114,141,24.15991344652219,False,0.001898452191294234,82,0.015804103364614356,True,0.005089697475256877,150
288,1329,18.614662503121714,150,18.614662503121714,False,22.070608987003144,124,22.154648325320586,False,2.825704944965264,141
289,1330,32.296972580072065,86,32.42793260481252,False,0.015312091655746039,54,0.023515059688190575,False,5.064385802092718e-05,150
290,1331,37.75462888674433,111,37.89611051769269,False,0.0005526351239503177,123,0.024259431109230876,True,9.722880248153313e-05,129
291,1332,0.992781352745638,150,0.992781352745638,False,0.019460388751023,135,0.05146223114792125,False,0.00012127994305681512,150
292,1333,8.645120291281447,110,8.959337476941469,False,0.01823818923563667,68,0.0909995575335812,False,0.00020482626059216785,143
293,1334,0.3857317018627343,146,0.6276507124368851,False,17.31932705824315,130,17.515348954681137,False,2.8007558995103894,150
294,1335,37.78877642371532,146,38.12700385112903,False,0.004387828166261459,99,0.010813579016764987,True,0.0005618499928736568,150
295,1336,0.10488215535984782,149,0.11008468511823964,False,21.719792067497615,150,21.719792067497615,False,2.8147455298355446,150
296,1337,27.14869332860079,140,27.79018978554892,False,0.02159862269202605,90,0.06257096207493014,False,0.04590872743226691,150
297,1338,0.004042634902850965,147,0.007448410127523784,True,0.005682285318591744,73,0.3237533257148905,True,8.939938417028786e-05,150
298,1339,11.68774519038988,112,12.401100414827955,False,0.007756292117352622,55,0.05848123315482941,True,0.00014639135225940505,150
299,1340,38.7830309908548,133,38.9259403766051,False,0.0009006697794528719,79,0.020692361775941387,True,0.00012883964408015006,103
300,1341,0.012485120495511667,150,0.012485120495511667,False,0.003049830068106294,70,0.04445667405560777,True,0.00013044669682571634,147
301,1342,31.262474188693744,145,31.331841316482432,False,0.0014766030678726718,106,0.04855776704347999,True,0.00022680095887752478,143
302,1343,28.243193173293,111,28.502201830337363,False,0.002092642422243913,78,0.11087545082897417,True,0.0015695926277695261,136
303,1344,26.474842574618656,144,26.89109618547786,False,17.87296212449937,147,18.077693692195623,False,2.8076339010087255,148
304,1345,40.51548635041529,147,40.555327095503955,False,0.005924277431981251,63,0.09242820266606624,True,0.00026517894377393756,146
305,1346,6.23773682146611,150,6.23773682146611,False,0.003315714358475734,72,0.1612853784847776,True,0.052796912543463775,150
306,1347,31.080455550069868,103,31.15000948453131,False,0.012114418235563055,53,0.08032081183492082,False,8.43348557103281e-05,140
307,1348,40.277097203026074,148,40.35851965123259,False,0.006407307242110056,62,0.0402972937778605,True,0.00041914481668004356,146
308,1349,24.72486143091519,103,24.784813554024222,False,22.487258471357503,131,22.547170697358567,False,2.8469750154816333,150
309,1350,20.077276536423422,143,20.304827694780474,False,0.040756736072856,110,0.07158642000491493,False,0.00047784609161216683,115
310,1351,20.276391122379707,123,20.700706244370892,False,0.052188267052013175,53,0.11399904893583335,False,8.594200481670769e-05,142
311,1352,38.77277043645382,150,38.77277043645382,False,22.064552253232502,150,22.064552253232502,False,2.8159564798016796,148
312,1353,28.733994197613224,143,28.852660153275895,False,0.002007441214375496,114,0.013189418465926743,True,0.06728774839194654,150
313,1354,0.030599714688840787,133,0.04674971392592188,False,0.06589130669680446,48,0.16071532020341625,False,0.00031616215431464005,150
314,1355,34.77166772127045,112,34.86353695301412,False,0.0031201372009751834,72,0.01302060042509211,True,0.000971000137095424,150
315,1356,38.97757643978484,92,39.065038435578515,False,17.42048486814508,127,17.792849529753322,False,2.79748253547769,150
316,1357,31.496337603409195,150,31.496337603409195,False,0.00015620292010233038,112,0.0035118612733414465,True,0.00018270402790361462,150
317,1358,20.25143029765715,122,21.258667701468625,False,0.07119419173716879,60,0.11123972663642685,False,0.00043577199983318255,117
318,1359,37.830157511927126,57,37.93981192650395,False,0.016712349262576566,115,0.036381514845375454,False,6.37458328106816e-05,150
319,1360,38.79406636491558,119,38.968407777173,False,0.020179972768513806,67,0.0553331354496047,False,0.00040659330469899733,133
320,1361,36.49628219900552,95,36.77096952538093,False,0.0019465135248177092,110,0.03883407937300586,True,0.0003513722622566822,127
321,1362,17.577391181981564,135,17.944599388987193,False,0.0021124837452004817,68,0.028595551987672885,True,0.00017850575955618235,123
322,1363,27.329142664217848,114,27.377286785998184,False,0.030605804390678178,44,0.10445906003646958,False,0.00045189897028110086,150
323,1364,21.5025124281839,150,21.5025124281839,False,0.00110350889089413,145,0.0023348765755713567,True,0.0024506135969942977,148
324,1365,38.93044550225437,149,38.98137692836972,False,0.009640212954240194,60,0.04407711925709431,True,4.8804851177043225e-05,150
325,1366,17.168667961039894,130,17.657301003884985,False,0.004170078100126901,67,0.04536206253269787,True,0.0017564562350646266,150
326,1367,16.19628926617195,141,16.315484953110694,False,22.108918234447913,52,22.130018490555038,False,2.804231568612704,149
327,1368,29.75606325184428,150,29.75606325184428,False,0.011450045408726866,65,0.3055224850848613,False,0.0005645330663337019,150
328,1369,26.182766208866624,138,26.443282938553462,False,0.026421943835741583,58,0.07268176835930468,False,0.00014526082053472437,148
329,1370,13.166850784089027,142,13.541968828532413,False,17.240555513739544,125,17.29074294377744,False,2.795532830016217,150
330,1371,20.065028163656244,67,20.362069513385322,False,0.00043112632364693547,147,0.0021820910038185446,True,0.00030246285469197635,150
331,1372,29.29337467433682,139,29.377679283860566,False,17.69499582835676,145,18.203927385019398,False,2.804637077601388,150
332,1373,0.03453451458914186,131,0.054516740209507544,False,0.021062380446230274,62,0.06349218842352936,False,0.0004714498293967503,119
333,1374,25.58760473158461,94,25.735493496675577,False,0.00407004190414759,149,0.010495866917664867,True,0.00033681824481819926,150
334,1375,25.38086527491959,141,25.77146695685029,False,0.0014861728971105144,150,0.0014861728971105144,True,0.00020231406762327004,146
335,1376,21.345971346062754,145,21.749421540918647,False,0.0011340631983595161,96,0.12017087650693642,True,0.00016286766145582834,149
336,1377,23.386249076591113,136,24.181924410020322,False,0.015501247083524943,59,0.04073411811740367,False,0.00019607443805557718,150
337,1378,34.397737011617764,136,34.595433427572694,False,0.007012679855478723,135,0.0074950865312205135,True,0.0016527597446742762,150
338,1379,24.22676656397578,148,24.398110693334402,False,0.014192452439077945,60,0.08419461461073155,False,0.00010408089238768986,150
339,1380,29.335861462994913,119,29.50354639557705,False,0.0010733848328931242,107,0.4281864048004567,True,0.00038867889737512933,150
340,1381,36.16970808937579,107,36.39202416077168,False,0.004906067175442003,60,0.03456632060336423,True,0.00014286194738787454,148
341,1382,32.63382755465407,137,32.72582526085795,False,0.0327270716862206,57,0.07225145016563993,False,0.0001143648526328992,145
342,1383,0.013331844752355416,97,0.09663511859754781,False,0.010870300882858895,57,0.03830840995436026,False,0.0007175727787238439,150
343,1384,0.0017766646695577698,149,0.0026889658839449335,True,0.009112972919109988,122,0.032818982521518984,True,0.00022367180569574706,150
344,1385,13.29181498167387,114,13.547529606983941,False,0.011200760851214225,57,0.02744766175440051,False,0.00045728982587908636,148
345,1386,17.3690997245497,138,17.813723726848142,False,0.03078811714512935,59,0.17279139570745122,False,0.00021416440531813385,123
346,1387,31.989824478895997,145,32.115483601197376,False,0.000141294194243325,93,0.17146587977700425,True,0.011964882227166263,150
347,1388,34.03253644292721,131,34.107233523674516,False,0.03180935336470836,144,0.05259815560366243,False,8.235198288226707e-05,150
348,1389,33.08268645124198,141,33.13860603055571,False,0.022362478303429134,87,0.08799078848433985,False,0.0008884248779023209,150
349,1390,13.623842988177422,149,14.018776034123285,False,0.0016901663252745353,85,0.18460086343361604,True,0.0004396946132781891,150
350,1391,30.442278164783918,106,30.971369380836084,False,0.022359057681440832,57,0.07548079587225925,False,0.00024187748481945651,150
351,1392,17.576390773528633,145,18.61641972268871,False,0.013528512944919961,49,0.059796430446232174,False,0.0001395039687582256,143
352,1393,27.902913404833733,149,28.04785346684797,False,18.212632451912107,143,18.571918907189925,False,2.8292854750157814,143
353,1394,36.09484347036619,88,36.13727281877776,False,0.008670470475925209,78,0.018046112878442176,True,0.00033435576898729153,131
354,1395,16.726633498885587,112,16.88856493551946,False,0.019031732544392114,81,0.06646231755145252,False,0.00033309552798744483,150
355,1396,0.0014349089175630326,125,0.0021925935208767615,True,0.013708108181615348,50,0.11721791504382792,False,0.00019333253405454147,128
356,1397,28.384602246449568,147,28.433763120458064,False,0.03198527157083009,80,0.12064981558072393,False,0.000917174827169218,150
357,1398,34.09901724207375,149,34.42090393365947,False,0.00019232443063567952,141,0.0003026002978273659,True,6.26077917558184e-05,148
358,1399,21.68671093804887,98,21.831059222869335,False,0.010414781932624483,68,0.044134137281450415,False,0.0008109641824858498,150
359,1400,32.87667184119766,115,33.15263074772592,False,0.009641011507925991,81,0.0890908245416109,True,0.0013005931841392282,147
360,1401,25.78697253594886,87,25.973610347358278,False,0.030972394146681684,67,0.12656220727622663,False,0.0003656630291613533,148
361,1402,32.503794239396356,124,32.70528744422551,False,0.008795682859495627,121,0.02664553950061784,True,0.00029218080389566424,145
362,1403,24.829765298906537,148,24.857623501868748,False,22.128426864414394,98,22.21330784504282,False,2.820506838208821,146
363,1404,21.098692553979504,147,21.302035470248015,False,22.114460916474265,148,22.169741301112666,False,2.8035069796183616,150
364,1405,15.52698962903303,131,16.011785778528264,False,17.258204311895764,149,17.451241638583614,False,2.8247242271861417,150
365,1406,25.930568835673704,140,26.411210186574355,False,0.02177225616740314,52,0.038976578565096974,False,0.0007559872113060335,148
366,1407,28.38578068379658,123,28.960798318856817,False,17.66681438886073,136,17.84677895566648,False,2.8064240276051775,148
367,1408,0.0033565511487627137,134,0.004582402654713338,True,0.8247784945774949,32,0.9112463485689173,False,0.017882817376179718,150
368,1409,31.70184694513943,148,31.717461187219264,False,0.03396623619158479,64,0.12728784643013064,False,4.555934352113606e-05,150
369,1410,8.997517584728932,148,9.334532585099327,False,0.024676003736334412,57,0.20522083445490596,False,0.0002131081866511015,150
370,1411,24.770508309510696,132,24.95114979047848,False,0.03492374097650996,69,0.07613484615094068,False,7.832986439665938e-05,119
371,1412,40.77651541414131,57,40.90691067300479,False,0.00161251928135393,77,0.017126052120155992,True,9.860397156012966e-05,148
372,1413,18.027296304360384,145,18.75197601233726,False,0.00123338327614769,128,0.004781016221292358,True,0.013927714453370313,150
373,1414,0.037765640514611176,150,0.037765640514611176,False,0.011316977416233859,59,0.053127876465009174,False,0.00013963733765090343,145
374,1415,38.83874208881883,133,38.9249875493086,False,0.005730714619808715,70,0.04691564368038348,True,0.0001782403535636331,150
375,1416,15.135113572651921,149,15.347362058394097,False,0.01103120559816936,69,0.05031978872609572,False,0.00033956554911731033,141
376,1417,29.38770252246346,137,29.922447152274106,False,0.009250320769912852,75,0.07195335067298873,True,0.00029314983012542145,127
377,1418,17.377744847011456,143,17.482192368975326,False,17.22159137724605,143,17.383040006850283,False,2.8313431586908235,150
378,1419,30.850923475239313,141,31.073696545611753,False,0.0016985895656417508,60,0.02203803797664607,True,0.00011419757986430899,126
379,1420,22.167845904476533,149,22.50042116352617,False,0.003935194186410981,117,0.009768508570198634,True,0.00047637663391334346,148
380,1421,36.18778658996632,114,36.315451655527,False,0.018210540755564067,52,0.08959472656506035,False,0.00019113701389083187,150
381,1422,31.033054765897045,128,31.085095945761356,False,17.687539098588285,144,17.742454979588192,False,2.7954532406637242,147
382,1423,27.080765616119912,147,27.290678506675455,False,0.01361170440773755,62,0.044014793411142915,False,0.00036102854795174556,150
383,1424,34.418088013868335,145,34.56574898274661,False,22.0661789658164,140,22.23916526436445,False,2.803565605202502,119
384,1425,27.20816567738217,139,27.715111516226727,False,0.0005574079204429219,86,0.0038958482691696687,True,0.000268650600935439,113
385,1426,29.856185070847005,145,30.233624550395067,False,0.009947322961059135,62,0.11061564242143118,True,0.0006500594219760404,150
386,1427,1.7812330829823362,150,1.7812330829823362,False,0.005757188776297613,125,0.9789204370793927,True,0.0006244631925935701,150
387,1428,32.22101580789184,140,32.845662414582804,False,0.020194960674276327,125,0.027326636883892825,False,8.173761664162651e-05,150
388,1429,34.260928158700736,127,34.55927566636576,False,0.01955724148121719,58,0.06598421235191065,False,0.0017693813374538181,149
389,1430,33.91655448733775,133,34.04740647334712,False,17.788351365702326,146,17.851656460026614,False,2.814820980558225,150
390,1431,34.29056317179727,137,34.52093170787731,False,17.69065238811118,147,17.89894801926223,False,2.8046133229540064,150
391,1432,34.25743502662797,118,34.513413620130876,False,0.0005625369771562563,81,0.016353175455739343,True,0.0010583591646304805,150
392,1433,28.58061786995907,136,28.685897606926027,False,0.0028310714291784095,103,0.003224348891766552,True,0.00015302848816452303,140
393,1434,37.42292712794229,120,37.50458233207762,False,0.002132506204658407,109,0.0036820215916966185,True,0.0009654205758196093,149
394,1435,23.494399297897964,117,23.822629392460918,False,0.001051251899391099,117,0.01260380896271527,True,9.905988453205923e-05,149
395,1436,8.490170996662991,144,9.132824491050917,False,0.0006366110770220764,82,0.049186296292223534,True,0.0001744854143031598,146
396,1437,22.379604512308198,141,22.46365257166426,False,0.009368322524017996,150,0.009368322524017996,True,0.001070753306425001,150
397,1438,26.452750297037056,138,26.65999436317154,False,0.0006588762389539177,74,0.12076898995036207,True,0.0001958157106457777,147
398,1439,25.974199628850638,147,26.087174687638427,False,0.000503797728124337,103,0.0013290308029978808,True,0.06188938677264232,150
399,1440,30.438190939302082,148,30.622189522215564,False,0.016320442220302822,67,0.09072632583252971,False,0.0001654483027630032,96
400,1441,0.8374594200251646,150,0.8374594200251646,False,0.0015189233777560009,119,0.013194066001187582,True,0.00039493046885774857,150
