qubit,pauli,target_expectation,sewing_expectation,signed_diff,abs_diff,target_cone_size,sewing_cone_size
0,X,-0.39072600980665995,-0.390733140050636,-7.130243976027906e-06,7.130243976027906e-06,4,10
0,Y,-0.6644698516758879,-0.6644625768688917,7.274806996249161e-06,7.274806996249161e-06,4,10
0,Z,0.5095550816848968,0.509557933805275,2.8521203782050364e-06,2.8521203782050364e-06,4,10
1,X,0.0831142012525589,0.08311017065593779,-4.030596621115712e-06,4.030596621115712e-06,4,10
1,Y,0.12684077311269085,0.1268436894011451,2.9162884542521805e-06,2.9162884542521805e-06,4,10
1,Z,0.8877242747866582,0.8877231181864977,-1.1566001604235154e-06,1.1566001604235154e-06,4,10
2,X,-0.18534863352356107,-0.18535157209783976,-2.9385742786880442e-06,2.9385742786880442e-06,6,20
2,Y,-0.4974029294796623,-0.49741496576189326,-1.2036282230953876e-05,1.2036282230953876e-05,6,20
2,Z,0.22841195654833318,0.22840980359292684,-2.152955406342638e-06,2.152955406342638e-06,6,20
3,X,0.09884503424687635,0.09885134461706278,6.310370186432546e-06,6.310370186432546e-06,6,20
3,Y,0.2108238808713149,0.21081890950038717,-4.9713709277254825e-06,4.9713709277254825e-06,6,20
3,Z,-0.5631561901900273,-0.56316901723538,-1.2827045352770128e-05,1.2827045352770128e-05,6,20
4,X,0.2781486282139329,0.2782918116968872,0.00014318348295433436,0.00014318348295433436,6,26
4,Y,0.491860789369734,0.4920136975073069,0.00015290813757290467,0.00015290813757290467,6,26
4,Z,0.5015617876687483,0.501606374360986,4.458669223772471e-05,4.458669223772471e-05,6,26
5,X,-0.5944230136207482,-0.5945018597144152,-7.884609366692885e-05,7.884609366692885e-05,6,26
5,Y,-0.6259434456078843,-0.6261921339922109,-0.0002486883843265675,0.0002486883843265675,6,26
5,Z,0.32063146372518003,0.32075775251095084,0.0001262887857708117,0.0001262887857708117,6,26
6,X,0.23558194759655862,0.2349287703779627,-0.0006531772185959239,0.0006531772185959239,6,26
6,Y,0.30635218346156756,0.30719229846618296,0.0008401150046153938,0.0008401150046153938,6,26
6,Z,0.8211357462400739,0.8210536982519001,-8.204798817379455e-05,8.204798817379455e-05,6,26
7,X,-0.06344912556928005,-0.06640802889206673,-0.002958903322786685,0.002958903322786685,6,26
7,Y,-0.7455864131408172,-0.7459442889647806,-0.000357875823963405,0.000357875823963405,6,26
7,Z,0.45862470037594605,0.4571564997122787,-0.001468200663667374,0.001468200663667374,6,26
8,X,0.5597598955737747,0.5629801455312944,0.003220249957519683,0.003220249957519683,6,22
8,Y,0.5099862037614,0.5105191773041459,0.0005329735427458404,0.0005329735427458404,6,22
8,Z,0.43215829447555437,0.4209179916150158,-0.011240302860538565,0.011240302860538565,6,22
9,X,-0.40883686761483207,-0.40495388244323666,0.00388298517159541,0.00388298517159541,6,22
9,Y,-0.04233944968388658,-0.02096209129465241,0.021377358389234172,0.021377358389234172,6,22
9,Z,0.8033301015119738,0.7983762276789708,-0.004953873833003053,0.004953873833003053,6,22
10,X,-0.061145327549516855,-0.061718251607823585,-0.0005729240583067299,0.0005729240583067299,6,22
10,Y,0.12941304478600976,0.12641960149395787,-0.002993443292051895,0.002993443292051895,6,22
10,Z,0.7208405868764869,0.7210397501096717,0.000199163233184807,0.000199163233184807,6,22
11,X,0.35260145981016233,0.3556637800846131,0.003062320274450747,0.003062320274450747,6,22
11,Y,0.626724829516098,0.6318165749966734,0.005091745480575449,0.005091745480575449,6,22
11,Z,0.30359789524026637,0.2993145684180754,-0.004283326822190958,0.004283326822190958,6,22
12,X,0.005170775887542334,0.005105423518322562,-6.535236921977137e-05,6.535236921977137e-05,6,28
12,Y,-0.1446407144365351,-0.14486164506789614,-0.00022093063136105484,0.00022093063136105484,6,28
12,Z,0.635668538215147,0.6392904451441205,0.0036219069289734618,0.0036219069289734618,6,28
13,X,-0.5129291557928188,-0.5162310650922395,-0.0033019092994206467,0.0033019092994206467,6,28
13,Y,0.24046788831327792,0.23768046166545873,-0.0027874266478191967,0.0027874266478191967,6,28
13,Z,0.1707905232973022,0.17627042746128552,0.005479904163983307,0.005479904163983307,6,28
14,X,0.059495304148644734,0.06072010904585547,0.0012248048972107323,0.0012248048972107323,6,28
14,Y,0.11302323523908436,0.11461006673259588,0.0015868314935115202,0.0015868314935115202,6,28
14,Z,0.8038727337196213,0.8064571753502043,0.002584441630583023,0.002584441630583023,6,28
15,X,-0.37846128840704396,-0.3633263054840389,0.01513498292300508,0.01513498292300508,6,28
15,Y,0.22067631648144453,0.2226305463988786,0.001954229917434075,0.001954229917434075,6,28
15,Z,0.7084894656651731,0.7202557526404754,0.011766286975302243,0.011766286975302243,6,28
16,X,-0.15764419636575067,-0.15924283499907788,-0.0015986386333272096,0.0015986386333272096,6,22
16,Y,-0.4654865850831219,-0.46690717680114274,-0.001420591718020836,0.001420591718020836,6,22
16,Z,0.7998907704774038,0.7987100462034283,-0.0011807242739754198,0.0011807242739754198,6,22
17,X,-0.059709005853572195,-0.058413472882854145,0.0012955329707180496,0.0012955329707180496,6,22
17,Y,0.5829290795163086,0.5844001843260888,0.0014711048097801882,0.0014711048097801882,6,22
17,Z,-0.37801506274240826,-0.37572821220129704,0.0022868505411112183,0.0022868505411112183,6,22
18,X,0.09178888839970128,0.09218360113470256,0.0003947127350012736,0.0003947127350012736,6,22
18,Y,-0.31447899387988515,-0.3135288168673223,0.0009501770125628362,0.0009501770125628362,6,22
18,Z,-0.07500905691986226,-0.07538499441699587,-0.0003759374971336049,0.0003759374971336049,6,22
19,X,0.1628103030742125,0.16189701424772354,-0.0009132888264889449,0.0009132888264889449,6,22
19,Y,-0.28019800250314886,-0.28099783484949054,-0.0007998323463416779,0.0007998323463416779,6,22
19,Z,0.0244505639134891,0.024892068188757444,0.0004415042752683451,0.0004415042752683451,6,22
20,X,0.010591147304661572,0.01123933576388245,0.0006481884592208775,0.0006481884592208775,6,28
20,Y,-0.057896071351965145,-0.05856320212980427,-0.0006671307778391283,0.0006671307778391283,6,28
20,Z,0.5842366933044099,0.5835244122000924,-0.0007122811043174249,0.0007122811043174249,6,28
21,X,0.005812205431731388,0.006065041859491889,0.0002528364277605017,0.0002528364277605017,6,28
21,Y,0.2590723657944116,0.2584934844943561,-0.0005788813000555115,0.0005788813000555115,6,28
21,Z,0.7943666996126737,0.7942660102511335,-0.00010068936154017383,0.00010068936154017383,6,28
22,X,0.07920947385864473,0.0793630867934138,0.000153612934769079,0.000153612934769079,6,28
22,Y,0.6541117401944835,0.6540979650168435,-1.3775177640007463e-05,1.3775177640007463e-05,6,28
22,Z,0.6856358135644038,0.685326880923094,-0.00030893264130982256,0.00030893264130982256,6,28
23,X,-0.6042014511829203,-0.6043324829915406,-0.00013103180862028552,0.00013103180862028552,6,28
23,Y,-0.3882916947739532,-0.38828788936350733,3.805410445867352e-06,3.805410445867352e-06,6,28
23,Z,0.6034331636305036,0.6031642233882157,-0.00026894024228785174,0.00026894024228785174,6,28
24,X,-0.0028266875352836868,-0.0015059829323535463,0.0013207046029301405,0.0013207046029301405,6,22
24,Y,0.030986329394094597,0.03192020256019562,0.0009338731661010236,0.0009338731661010236,6,22
24,Z,0.6187034716142473,0.6161493911753612,-0.0025540804388861638,0.0025540804388861638,6,22
25,X,-0.4526294319965739,-0.45035303475914096,0.0022763972374329478,0.0022763972374329478,6,22
25,Y,0.1647446089761272,0.1662446736902589,0.0015000647141316936,0.0015000647141316936,6,22
25,Z,0.254854590421863,0.2530934902210769,-0.0017611002007860699,0.0017611002007860699,6,22
26,X,0.1678238353489119,0.1687836280892409,0.0009597927403290074,0.0009597927403290074,6,16
26,Y,-0.34770155198154457,-0.34757883352111485,0.00012271846042971601,0.00012271846042971601,6,16
26,Z,0.147978439559582,0.14815854649541127,0.00018010693582926063,0.00018010693582926063,6,16
27,X,-0.43907130565890423,-0.43952799797446745,-0.000456692315563223,0.000456692315563223,6,16
27,Y,-0.34284777657122945,-0.3415719848190773,0.0012757917521521445,0.0012757917521521445,6,16
27,Z,0.043410728281340405,0.0436014250586752,0.00019069677733479784,0.00019069677733479784,6,16
28,X,-0.47361070627882895,-0.4738987584203292,-0.00028805214150023906,0.00028805214150023906,6,18
28,Y,0.029945043685130138,0.0285980209714549,-0.0013470227136752368,0.0013470227136752368,6,18
28,Z,-0.06015052230838652,-0.06020722970236769,-5.6707393981170195e-05,5.6707393981170195e-05,6,18
29,X,0.29521185805957934,0.2967501258920028,0.0015382678324234456,0.0015382678324234456,6,18
29,Y,-0.4734915764335458,-0.47134873641793784,0.0021428400156079386,0.0021428400156079386,6,18
29,Z,0.730068654549858,0.7324569664640025,0.0023883119141444586,0.0023883119141444586,6,18
30,X,0.5558213314438892,0.5652786584612549,0.00945732701736568,0.00945732701736568,4,18
30,Y,-0.6546773722373271,-0.6454618790988881,0.009215493138439057,0.009215493138439057,4,18
30,Z,0.3608726423299353,0.3620597957735175,0.0011871534435821673,0.0011871534435821673,4,18
31,X,0.28560624024358977,0.28782113036419543,0.0022148901206056615,0.0022148901206056615,4,18
31,Y,0.908001368797152,0.9068184039870573,-0.001182964810094722,0.001182964810094722,4,18
31,Z,0.0439347234913694,0.047136611866185174,0.0032018883748157756,0.0032018883748157756,4,18
